Date,SPY,IWM,EFA,EEM,TLT,IEF,LQD,VNQ,GLD,XLP
2007-01-31,101.06827545166016,61.45048141479492,42.15273666381836,25.63775634765625,48.338985443115234,50.63291931152344,50.21982192993164,37.981300354003906,64.83000183105469,16.053525924682617
2007-02-28,99.08554077148438,61.04776382446289,42.10163879394531,24.80783462524414,49.977169036865234,51.67344284057617,51.2244873046875,36.95649719238281,66.4800033569336,15.806549072265625
2007-03-30,100.23384857177734,61.64615249633789,43.32237243652344,26.1312198638916,49.12736511230469,51.60200119018555,50.87870407104492,36.18967819213867,65.73999786376953,16.13317108154297
2007-04-30,104.67376708984375,62.64708709716797,44.946250915527344,27.10468864440918,49.57200622558594,51.914939880371094,51.33236312866211,36.14407730102539,67.08999633789062,16.587202072143555
2007-05-31,108.22430419921875,65.38603973388672,46.00801467895508,28.477426528930664,48.42503356933594,51.191532135009766,50.700557708740234,36.00725173950195,65.54000091552734,16.811185836791992
2007-06-29,106.64202117919922,64.44562530517578,45.86039733886719,29.52490997314453,47.93427276611328,50.9521598815918,50.289878845214844,32.76380920410156,64.2699966430664,16.47620391845703
2007-07-31,103.30304718017578,59.93679428100586,44.80997848510742,29.735755920410156,49.52519226074219,52.10207748413086,49.87546157836914,30.057735443115234,65.79000091552734,16.007192611694336
2007-08-31,104.62871551513672,61.211669921875,44.526092529296875,30.0452880859375,50.41055679321289,53.28114700317383,51.06557083129883,32.084983825683594,66.5199966430664,16.38484001159668
2007-09-28,108.67931365966797,62.373687744140625,46.893768310546875,33.52197265625,50.52558898925781,53.328243255615234,51.44007873535156,33.34184265136719,73.51000213623047,17.137609481811523
2007-10-31,110.15372467041016,64.15047454833984,48.88671112060547,37.501094818115234,51.44321060180664,53.90248107910156,51.93631362915039,34.04169845581055,78.62000274658203,17.40097427368164
2007-11-30,105.88716888427734,59.7319450378418,47.115211486816406,34.63227844238281,54.19605255126953,56.084251403808594,52.465789794921875,30.817642211914062,77.31999969482422,17.878726959228516
2007-12-31,104.69483947753906,59.3466796875,45.7105827331543,34.14511489868164,53.85588455200195,56.11260223388672,52.04426956176758,29.149484634399414,82.45999908447266,17.730348587036133
2008-01-31,98.36485290527344,55.46843338012695,42.12360382080078,31.0986328125,54.984642028808594,57.995723724365234,53.37961959838867,28.92181968688965,91.4000015258789,16.745323181152344
2008-02-29,95.82286834716797,53.84207534790039,41.692710876464844,31.71883773803711,54.73429489135742,58.71443557739258,53.00267028808594,28.001718521118164,96.18000030517578,16.70223045349121
2008-03-31,94.96602630615234,53.483577728271484,41.867401123046875,30.52840232849121,55.904964447021484,59.4996452331543,52.68611145019531,29.817724227905273,90.41000366210938,17.24336051940918
2008-04-30,99.49227142333984,55.91926956176758,44.144187927246094,33.31817626953125,54.51500701904297,58.06134033203125,53.34185028076172,31.719858169555664,86.6500015258789,17.113388061523438
2008-05-30,100.9963150024414,58.480281829833984,44.66825485229492,34.37228775024414,53.04951858520508,57.0292854309082,52.165611267089844,31.652944564819336,87.44999694824219,17.6332950592041
2008-06-30,92.5553970336914,54.07878875732422,40.74333190917969,31.186155319213867,54.45726013183594,57.682804107666016,51.491783142089844,28.29286003112793,91.4000015258789,16.628276824951172
2008-07-31,91.72374725341797,56.065147399902344,39.390567779541016,29.469676971435547,54.25722885131836,58.098453521728516,51.69267654418945,29.174287796020508,90.08000183105469,17.03233528137207
2008-08-29,93.14120483398438,58.06972122192383,37.71739959716797,27.608423233032227,55.74345397949219,58.985389709472656,51.76749801635742,29.86684799194336,81.70999908447266,17.492324829101562
2008-09-30,84.36976623535156,53.568458557128906,33.40396499633789,23.555063247680664,56.566184997558594,58.9025993347168,46.212646484375,29.829885482788086,85.06999969482422,17.273462295532227
2008-10-31,70.43301391601562,42.342708587646484,26.44430160522461,17.53014373779297,55.513702392578125,58.39434051513672,45.315608978271484,20.36577033996582,71.33999633789062,15.095508575439453
2008-11-28,65.53042602539062,37.2931022644043,24.7592830657959,15.820560455322266,63.475093841552734,62.92213821411133,46.83543014526367,15.739191055297852,80.30999755859375,15.064214706420898
2008-12-31,66.17237091064453,39.085296630859375,26.955036163330078,17.45538330078125,72.14091491699219,66.16650390625,53.30545425415039,18.369348526000977,86.5199966430664,15.066618919372559
2009-01-30,60.73866653442383,35.30693817138672,23.25366973876953,15.833572387695312,62.71154022216797,63.594539642333984,52.34579086303711,15.149042129516602,91.30999755859375,13.980960845947266
2009-02-27,54.212345123291016,31.076147079467773,20.838176727294922,14.840917587280273,61.7508659362793,63.127201080322266,49.62171173095703,12.0396089553833,92.62999725341797,12.851123809814453
2009-03-31,58.72882843017578,33.48692321777344,22.586706161499023,17.343538284301758,64.25007629394531,65.21904754638672,49.85588455200195,12.47802448272705,90.27999877929688,13.39709186553955
2009-04-30,64.56327056884766,38.639373779296875,25.188472747802734,20.04188346862793,59.78339385986328,63.428619384765625,51.240211486816406,16.306737899780273,87.2699966430664,13.968528747558594
2009-05-29,68.33724975585938,39.953365325927734,28.51128387451172,23.236560821533203,57.57444381713867,62.111026763916016,52.427371978759766,16.733299255371094,96.19999694824219,14.679651260375977
2009-06-30,68.2925033569336,40.67805862426758,28.11072540283203,22.713855743408203,58.00688552856445,61.76493835449219,53.94326400756836,16.198328018188477,91.18000030517578,14.708842277526855
2009-07-31,73.38753509521484,44.408668518066406,30.933460235595703,25.215686798095703,58.341026306152344,62.27865982055664,56.44224166870117,17.943004608154297,93.3499984741211,15.687731742858887
2009-08-31,76.09842681884766,45.71128463745117,32.326419830322266,24.88446807861328,59.64252471923828,62.754051208496094,57.18168640136719,20.51300811767578,93.4000015258789,15.879674911499023
2009-09-30,78.79663848876953,48.254005432128906,33.55368423461914,27.42154312133789,61.1086540222168,63.45968246459961,58.18744659423828,21.865385055541992,98.8499984741211,16.40543556213379
2009-10-30,77.28173828125,45.12199401855469,32.70686721801758,26.477191925048828,59.50992965698242,63.3721923828125,57.898189544677734,20.88948631286621,102.52999877929688,16.64385223388672
2009-11-30,82.04280853271484,46.53179931640625,33.98936462402344,28.55617332458496,60.23175048828125,64.65044403076172,59.028656005859375,22.261018753051758,115.63999938964844,17.255996704101562
2009-12-31,83.60994720458984,50.219356536865234,34.23056411743164,29.491636276245117,56.40967559814453,61.80403137207031,57.80835723876953,23.905384063720703,107.30999755859375,17.2177791595459
2010-01-29,80.57137298583984,48.345367431640625,32.49674987792969,27.203367233276367,57.92830276489258,63.26890563964844,58.52986145019531,22.585622787475586,105.95999908447266,17.04215431213379
2010-02-26,83.08477020263672,50.508888244628906,32.583438873291016,27.686603546142578,57.72996520996094,63.47886657714844,58.826454162597656,23.846616744995117,109.43000030517578,17.58203887939453
2010-03-31,88.1429214477539,54.66611099243164,34.66400909423828,29.932231903076172,56.542205810546875,62.808006286621094,59.20989227294922,26.27581024169922,108.94999694824219,18.244422912597656
2010-04-30,89.50651550292969,57.770294189453125,33.69184494018555,29.88249397277832,58.420448303222656,63.84607696533203,60.339534759521484,28.154579162597656,115.36000061035156,18.048458099365234
2010-05-31,82.39479064941406,53.416378021240234,29.9207820892334,27.07544708251953,61.404815673828125,65.71878051757812,59.55015182495117,26.652637481689453,118.87999725341797,17.21234130859375
2010-06-30,78.13162994384766,49.280113220214844,29.303829193115234,26.696758270263672,64.96492004394531,67.72207641601562,61.502525329589844,25.2634334564209,121.68000030517578,16.77662467956543
2010-07-30,83.46807098388672,52.59711456298828,32.70613479614258,29.615375518798828,64.35010528564453,68.33811950683594,62.80066680908203,27.687074661254883,115.48999786376953,17.75033187866211
2010-08-31,79.71361541748047,48.6818733215332,31.46493148803711,28.65681266784668,69.74971771240234,70.63151550292969,64.5938491821289,27.333852767944336,122.08000183105469,17.421369552612305
2010-09-30,86.85236358642578,54.7404899597168,34.602596282958984,32.026092529296875,67.99175262451172,70.62942504882812,64.8887939453125,28.55586814880371,127.91000366210938,18.473257064819336
2010-10-29,90.17029571533203,57.01121139526367,35.91940689086914,32.9918212890625,64.95301818847656,70.62435913085938,64.71826934814453,29.910192489624023,132.6199951171875,19.062969207763672
2010-11-30,90.17029571533203,58.998077392578125,34.18675994873047,32.03324890136719,63.855804443359375,69.99004364013672,63.67287826538086,29.35639762878418,135.4199981689453,18.76480484008789
2010-12-31,96.19840240478516,63.73759460449219,37.02702331542969,34.364566802978516,61.493717193603516,67.58876037597656,63.19402313232422,30.692310333251953,138.72000122070312,19.590377807617188
2011-01-31,98.43983459472656,63.50138473510742,37.802921295166016,33.044517517089844,59.598960876464844,67.5743408203125,63.21732711791992,31.690088272094727,129.8699951171875,19.302967071533203
2011-02-28,101.85935974121094,67.02063751220703,39.14485168457031,33.03009033203125,60.582515716552734,67.4335708618164,63.900108337402344,33.181190490722656,137.66000366210938,19.864412307739258
2011-03-31,101.87161254882812,68.71158599853516,38.20994567871094,35.107547760009766,60.60024642944336,67.32926940917969,63.554725646972656,32.64674377441406,139.86000061035156,20.111900329589844
2011-04-29,104.8219223022461,70.52384185791016,40.35958480834961,36.06692886352539,62.0177116394043,68.56900024414062,65.14637756347656,34.52280044555664,152.3699951171875,21.18741226196289
2011-05-31,103.64642333984375,69.25852966308594,39.46920394897461,35.006553649902344,64.14054107666016,70.28704833984375,65.97344207763672,34.99740219116211,149.63999938964844,21.718441009521484
2011-06-30,101.89794921875,67.59318542480469,38.9913215637207,34.6790771484375,62.6505012512207,69.93252563476562,65.4474868774414,33.84273910522461,146.0,21.139690399169922
2011-07-29,99.8594970703125,65.29086303710938,38.06420135498047,34.32209777832031,65.41622924804688,72.14901733398438,67.0379867553711,34.372074127197266,158.2899932861328,20.868928909301758
2011-08-31,94.36965942382812,59.485591888427734,34.73171615600586,31.145612716674805,71.7403335571289,75.50505065917969,67.26612091064453,32.44061279296875,177.72000122070312,20.909547805786133
2011-09-30,87.81844329833984,52.85275650024414,30.977806091308594,25.57217788696289,81.21449279785156,77.19403076171875,67.50233459472656,28.92341423034668,158.05999755859375,20.2204532623291
2011-10-31,97.4035873413086,60.8341178894043,33.96018981933594,29.732200622558594,78.10454559326172,76.20089721679688,69.19631958007812,33.05694580078125,167.33999633789062,21.161252975463867
2011-11-30,97.00774383544922,60.60394287109375,33.221073150634766,29.149368286132812,79.65816497802734,76.64273834228516,67.0120849609375,31.800405502319336,170.1300048828125,21.7475528717041
2011-12-30,98.02132415771484,60.916107177734375,32.49855422973633,27.90619659423828,82.40225982666016,78.16619873046875,69.34953308105469,33.34284210205078,151.99000549316406,22.350025177001953
2012-01-31,102.5670166015625,65.26898956298828,34.211055755615234,30.973386764526367,82.13043975830078,78.84000396728516,70.8370132446289,35.46986770629883,169.30999755859375,22.033584594726562
2012-02-29,107.01895141601562,66.94577026367188,35.864532470703125,32.60627365112305,79.9974594116211,77.97284698486328,71.99371337890625,35.06172561645508,164.2899932861328,22.85906982421875
2012-03-30,110.46113586425781,68.60917663574219,36.01544189453125,31.591236114501953,76.60879516601562,76.73212432861328,70.97054290771484,36.884986877441406,162.1199951171875,23.567909240722656
2012-04-30,109.7237319946289,67.49895477294922,35.2674446105957,31.054296493530273,80.31224060058594,78.65748596191406,71.73853302001953,37.939659118652344,161.8800048828125,23.637056350708008
2012-05-31,103.13419342041016,63.05810546875,31.337175369262695,27.72966957092285,87.56068420410156,80.91453552246094,72.28170776367188,36.23015594482422,151.6199951171875,23.360435485839844
2012-06-29,107.31946563720703,66.24388885498047,33.544349670410156,29.125972747802734,86.09123229980469,80.57935333251953,72.91165924072266,38.22897720336914,155.19000244140625,24.210651397705078
2012-07-31,108.5890121459961,65.23640441894531,33.57121276855469,29.1185302734375,89.37763977050781,81.70833587646484,75.45117950439453,38.994384765625,156.49000549316406,24.80946159362793
2012-08-31,111.30947875976562,67.54279327392578,34.64548110961914,29.237611770629883,88.19883728027344,81.61255645751953,75.41061401367188,38.98854446411133,164.22000122070312,24.691099166870117
2012-09-28,114.13130950927734,69.74530029296875,35.58547592163086,30.763511657714844,85.96492767333984,81.32836151123047,76.24021911621094,38.26211166381836,171.88999938964844,25.124834060668945
2012-10-31,112.05429077148438,68.23239135742188,35.97490692138672,30.629531860351562,85.5488510131836,81.00623321533203,77.26656341552734,37.91465759277344,166.8300018310547,24.816295623779297
2012-11-30,112.6884765625,68.60852813720703,36.9753303527832,31.105905532836914,86.54054260253906,81.79940795898438,76.70752716064453,37.81452941894531,166.0500030517578,25.272090911865234
2012-12-31,113.69525909423828,71.09135437011719,38.59527587890625,33.222232818603516,84.38770294189453,81.03018951416016,76.45398712158203,39.22228240966797,162.02000427246094,24.747283935546875
2013-01-31,119.515380859375,75.5261459350586,40.03428268432617,33.124847412109375,81.69965362548828,79.98242950439453,75.46189880371094,40.688636779785156,161.1999969482422,26.144193649291992
2013-02-28,121.04027557373047,76.28498840332031,39.51841354370117,32.368263244628906,82.71160888671875,80.88817596435547,76.27389526367188,41.18338394165039,153.0,27.009288787841797
2013-03-29,125.63628387451172,79.83909606933594,40.03428268432617,32.03866195678711,82.36473083496094,81.12018585205078,76.23828887939453,42.36623001098633,154.4499969482422,28.339879989624023
2013-04-30,128.0500946044922,79.56005859375,42.043460845947266,32.42819595336914,86.2234115600586,82.35747528076172,77.89530181884766,45.219478607177734,142.77000427246094,29.173627853393555
2013-05-31,131.07325744628906,82.68838500976562,40.77415466308594,30.862594604492188,80.3938980102539,79.80026245117188,75.38894653320312,42.51640319824219,133.9199981689453,28.53942108154297
2013-06-28,129.32418823242188,82.01197814941406,39.6822509765625,29.21891975402832,77.76398468017578,77.76844024658203,72.92556762695312,41.673770904541016,119.11000061035156,28.453136444091797
2013-07-31,136.00726318359375,88.02686309814453,41.79448699951172,29.60597038269043,76.0080795288086,77.49415588378906,73.73214721679688,42.04974365234375,127.95999908447266,29.68680191040039
2013-08-30,131.92800903320312,85.24151611328125,40.9772834777832,28.854637145996094,74.98929595947266,76.39177703857422,72.99608612060547,39.114654541015625,134.6199951171875,28.338375091552734
2013-09-30,136.1031036376953,90.77297973632812,44.1837158203125,30.93410301208496,75.47806549072266,77.80210876464844,73.53763580322266,40.476566314697266,128.17999267578125,28.726917266845703
2013-10-31,142.40560913085938,92.96971893310547,45.62419509887695,32.22429275512695,76.55769348144531,78.40724182128906,74.86729431152344,42.30638885498047,127.73999786376953,30.56745719909668
2013-11-29,146.62620544433594,96.64798736572266,45.873504638671875,32.14081954956055,74.48817443847656,77.72017669677734,74.76300048828125,40.08489227294922,120.69999694824219,31.043846130371094
2013-12-31,150.42767333984375,98.60134887695312,46.87178421020508,32.010135650634766,73.0954360961914,76.09532165527344,74.92362213134766,40.12572479248047,116.12000274658203,31.258010864257812
2014-01-31,145.12533569335938,95.86622619628906,44.433895111083984,29.2456111907959,77.70248413085938,78.42632293701172,76.33430480957031,41.84113693237305,120.08999633789062,29.643468856811523
2014-02-28,151.7308349609375,100.44754028320312,47.15816879272461,30.233489990234375,78.10972595214844,78.7066879272461,77.20828247070312,43.96055221557617,127.62000274658203,30.799823760986328
2014-03-31,152.9895782470703,99.69573974609375,46.94163131713867,31.405147552490234,78.68164825439453,78.2651138305664,77.18585968017578,44.178993225097656,123.61000061035156,31.475269317626953
2014-04-30,154.05307006835938,95.95951080322266,47.7239990234375,31.65020751953125,80.33015441894531,78.85855865478516,78.21190643310547,45.630340576171875,124.22000122070312,32.337799072265625
2014-05-30,157.62803649902344,96.71363067626953,48.48541259765625,32.58446502685547,82.69951629638672,80.29808044433594,79.39630889892578,46.725101470947266,120.43000030517578,32.92257308959961
2014-06-30,160.8822784423828,101.81236267089844,48.93183135986328,33.36707305908203,82.49169921875,80.12403869628906,79.40165710449219,47.25503921508789,128.0399932861328,32.839176177978516
2014-07-31,158.72039794921875,95.64833068847656,47.657894134521484,33.82246398925781,83.03955841064453,79.94729614257812,79.14796447753906,47.292945861816406,123.38999938964844,31.749940872192383
2014-08-29,164.98410034179688,100.26773071289062,47.74378204345703,34.77956008911133,86.96220397949219,81.45053100585938,80.73405456542969,48.7325553894043,123.86000061035156,33.21452713012695
2014-09-30,162.70790100097656,94.32394409179688,45.8901481628418,32.078086853027344,85.12529754638672,80.59568786621094,79.37643432617188,45.78883361816406,116.20999908447266,33.41009521484375
2014-10-31,166.5398712158203,100.54317474365234,45.76847457885742,32.53348159790039,87.52456665039062,81.83392333984375,80.35616302490234,50.339046478271484,112.66000366210938,34.5951042175293
2014-11-28,171.1150360107422,100.65534210205078,45.79710006713867,32.03178024291992,90.12181091308594,82.88845825195312,81.0887451171875,51.345951080322266,112.11000061035156,36.51335525512695
2014-12-31,170.68093872070312,103.56722259521484,43.96852493286133,30.762187957763672,93.05194091796875,82.99577331542969,81.07485961914062,52.323551177978516,113.58000183105469,36.17171096801758
2015-01-30,165.62380981445312,100.17327880859375,44.2431526184082,30.550785064697266,102.1856918334961,86.56646728515625,84.11656951904297,55.90868377685547,123.44999694824219,35.82110595703125
2015-02-27,174.93263244628906,106.12998962402344,47.04719161987305,31.89747428894043,95.91314697265625,84.42677307128906,82.92182159423828,53.85449981689453,116.16000366210938,37.305572509765625
2015-03-31,172.1852264404297,108.00849914550781,46.375091552734375,31.419870376586914,96.96075439453125,85.14948272705078,83.08357238769531,54.78718185424805,113.66000366210938,36.580848693847656
2015-04-30,173.87844848632812,105.2381591796875,48.066200256347656,33.57297897338867,93.63967895507812,84.61050415039062,82.09724426269531,51.58351135253906,113.47000122070312,36.303157806396484
2015-05-29,176.1138458251953,107.59164428710938,48.1601448059082,32.19498062133789,91.4181137084961,84.25823211669922,81.17742156982422,51.42756271362305,114.0999984741211,36.61838150024414
2015-06-30,172.53662109375,108.43400573730469,46.65839767456055,31.25139808654785,87.69556427001953,82.88408660888672,79.64874267578125,49.0265998840332,112.37000274658203,35.94666290283203
2015-07-31,176.43406677246094,107.23698425292969,47.60640335083008,29.27945327758789,91.68216705322266,84.142578125,80.31143188476562,51.85569381713867,104.93000030517578,37.99319839477539
2015-08-31,165.6803741455078,100.46923828125,44.071571350097656,26.6922607421875,91.05009460449219,84.20902252197266,79.6468734741211,48.5933723449707,108.81999969482422,35.72766876220703
2015-09-30,161.45289611816406,95.5097885131836,42.12409210205078,25.856157302856445,92.84091186523438,85.53895568847656,80.59456634521484,50.0802116394043,106.86000061035156,35.866939544677734
2015-10-30,175.18605041503906,100.8800277709961,44.90934371948242,27.504701614379883,92.46138763427734,84.9941177368164,81.05683898925781,52.96410369873047,109.30000305175781,37.911476135253906
2015-11-30,175.82635498046875,104.16864013671875,44.5713005065918,26.810579299926758,91.65907287597656,84.6305923461914,80.93183898925781,52.63261413574219,101.91999816894531,37.561859130859375
2015-12-31,172.7876739501953,98.92853546142578,43.531944274902344,25.78645896911621,91.38675689697266,84.2471923828125,80.05694580078125,53.59630584716797,101.45999908447266,38.65779495239258
2016-01-29,164.1851348876953,90.44288635253906,41.129966735839844,24.488718032836914,96.47972106933594,87.05567169189453,80.1552505493164,51.75441360473633,106.94999694824219,38.864524841308594
2016-02-29,164.04954528808594,90.2408676147461,39.75848388671875,24.288455963134766,99.45706176757812,88.34931182861328,80.9982681274414,51.566200256347656,118.63999938964844,38.987022399902344
2016-03-31,175.08453369140625,97.47228240966797,42.37544250488281,27.436660766601562,99.3642349243164,88.29093170166016,83.92601013183594,56.96282196044922,117.63999938964844,40.834354400634766
2016-04-29,175.77450561523438,99.10221862792969,43.316951751708984,27.548810958862305,98.63239288330078,88.15311431884766,85.230712890625,55.623714447021484,123.6500015258789,40.249473571777344
2016-05-31,178.7647247314453,101.3225326538086,43.27989959716797,26.53144645690918,99.42681121826172,88.06560516357422,84.79390716552734,56.87443542480469,116.05999755859375,40.526519775390625
2016-06-30,179.38609313964844,101.30489349365234,42.23276901245117,27.741052627563477,106.32132720947266,90.78468322753906,87.417724609375,60.81496047973633,126.47000122070312,42.69815444946289
2016-07-29,185.9285888671875,107.25646209716797,43.91239929199219,29.234668731689453,108.55667114257812,91.00849914550781,88.54678344726562,63.40749740600586,128.97999572753906,42.34974670410156
2016-08-31,186.1511993408203,109.17002868652344,44.146934509277344,29.493032455444336,107.4565200805664,90.08800506591797,88.70645141601562,61.02071762084961,124.77999877929688,42.101993560791016
2016-09-30,186.1619873046875,110.34231567382812,44.73707580566406,30.23580551147461,105.83560943603516,90.30188751220703,88.42649841308594,59.90247344970703,125.63999938964844,41.45131301879883
2016-10-31,182.93450927734375,105.26980590820312,43.745948791503906,29.985523223876953,101.1993408203125,88.95220184326172,87.07481384277344,56.46329879760742,121.94000244140625,41.131900787353516
2016-11-30,189.6735382080078,116.9161376953125,42.9666633605957,28.66144371032715,92.88709259033203,85.19197082519531,84.31665802001953,55.51715850830078,111.75,39.402503967285156
2016-12-30,193.5185546875,120.28852844238281,44.12945556640625,28.589021682739258,92.45738220214844,85.09103393554688,85.0242691040039,58.19148254394531,109.61000061035156,40.583221435546875
2017-01-31,196.98147583007812,120.62745666503906,45.58183288574219,30.491689682006836,93.2102279663086,85.2777099609375,85.14762115478516,58.07866668701172,115.55000305175781,41.273868560791016
2017-02-28,204.72119140625,122.95561981201172,46.12456512451172,31.022489547729492,94.687255859375,85.89479064941406,86.27239990234375,60.11640548706055,119.2300033569336,43.243770599365234
2017-03-31,204.97703552246094,122.98765563964844,47.615177154541016,32.165714263916016,94.06690216064453,85.96399688720703,86.01776123046875,58.659393310546875,118.72000122070312,43.060997009277344
2017-04-28,207.01165771484375,124.40111541748047,48.769432067871094,32.712825775146484,95.54680633544922,86.91716766357422,87.04041290283203,58.801448822021484,120.7699966430664,43.534358978271484
2017-05-31,209.9333038330078,121.94993591308594,50.49700927734375,33.64374923706055,97.3505859375,87.63573455810547,88.2008056640625,58.37528991699219,120.62000274658203,44.68623352050781
2017-06-30,211.27154541015625,126.06497955322266,50.64647674560547,33.95550537109375,98.1214599609375,87.18922424316406,88.6243896484375,59.6785774230957,118.0199966430664,43.67924118041992
2017-07-31,215.6141357421875,127.13966369628906,51.990325927734375,35.9326171875,97.47549438476562,87.51602935791016,89.3027572631836,60.41712951660156,120.75,43.98135757446289
2017-08-31,216.24319458007812,125.54041290283203,51.96702575683594,36.777618408203125,100.79817962646484,88.7916259765625,89.90748596191406,60.259376525878906,125.81999969482422,43.49638748168945
2017-09-29,220.60035705566406,133.4546356201172,53.19435501098633,36.761207580566406,98.45674133300781,87.51165771484375,89.86309051513672,60.1906623840332,121.58000183105469,43.18537902832031
2017-10-31,225.798583984375,134.42733764648438,54.08765411376953,37.96717071533203,98.41878509521484,87.34627532958984,90.03623962402344,59.54594421386719,120.66999816894531,42.47335433959961
2017-11-30,232.70034790039062,138.38107299804688,54.46051788330078,37.81950378417969,99.15019989013672,87.10237121582031,89.92517852783203,61.13237762451172,121.0999984741211,44.84143829345703
2017-12-29,235.52243041992188,137.82965087890625,55.195098876953125,39.24209213256836,100.94738006591797,87.2633056640625,91.02268981933594,61.04225158691406,123.6500015258789,45.851715087890625
2018-01-31,248.79638671875,141.3554229736328,57.96623992919922,42.49838638305664,97.66100311279297,85.38693237304688,89.90697479248047,58.44550323486328,127.6500015258789,46.60127639770508
2018-02-28,239.7500457763672,135.92210388183594,55.16370391845703,39.99163055419922,94.69068908691406,84.59044647216797,87.89561462402344,53.95818328857422,125.0,43.046939849853516
2018-03-30,233.1783447265625,137.57699584960938,54.70053482055664,40.208160400390625,97.39849853515625,85.56813049316406,88.3849868774414,56.05756378173828,125.79000091552734,42.656551361083984
2018-04-30,234.3834991455078,138.92713928222656,55.532657623291016,39.07554244995117,95.36470031738281,84.47584533691406,87.00091552734375,56.51807403564453,124.58999633789062,40.88966369628906
2018-05-31,240.08114624023438,147.4900360107422,54.48073196411133,38.051177978515625,97.27619934082031,85.30883026123047,87.45451354980469,58.5978889465332,123.0999984741211,40.249359130859375
2018-06-29,241.46176147460938,148.39614868164062,53.61769485473633,36.32149124145508,97.9043960571289,85.47727966308594,87.02839660644531,61.060237884521484,118.6500015258789,42.08837890625
2018-07-31,250.40708923339844,150.84324645996094,55.14689254760742,37.60401153564453,96.49765014648438,85.02616882324219,88.19789123535156,61.42760467529297,115.98999786376953,43.754600524902344
2018-08-31,258.400146484375,157.3455352783203,53.9139289855957,36.187381744384766,97.76373291015625,85.88832092285156,88.21549224853516,63.0093994140625,113.51000213623047,43.92610168457031
2018-09-28,259.9363708496094,153.68722534179688,54.43433380126953,35.97780990600586,94.96348571777344,84.85334014892578,88.09131622314453,61.33058547973633,112.76000213623047,44.35976791381836
2018-10-31,241.9736785888672,136.80030822753906,50.00688934326172,32.82597351074219,92.18054962158203,84.59617614746094,86.28612518310547,59.536590576171875,115.1500015258789,45.24810791015625
2018-11-30,246.46205139160156,139.1619415283203,50.25508499145508,34.435420989990234,93.82801055908203,85.72139739990234,85.9767837524414,62.31880569458008,115.54000091552734,46.27629089355469
2018-12-31,224.7615203857422,122.50126647949219,47.56656265258789,33.2340087890625,99.32022094726562,88.1252212524414,87.57548522949219,57.36328125,121.25,42.150970458984375
2019-01-31,242.757080078125,136.3707275390625,50.722557067871094,36.671417236328125,99.69622802734375,88.70034790039062,90.52519989013672,64.16348266601562,124.75,44.31745529174805
2019-02-28,250.62632751464844,143.43356323242188,52.009239196777344,36.109867095947266,98.3239974975586,88.23417663574219,90.34071350097656,64.60966491699219,123.98999786376953,45.10601806640625
2019-03-29,255.16275024414062,140.4310302734375,52.48668670654297,36.518272399902344,103.80229187011719,90.57694244384766,92.98674011230469,67.33387756347656,122.01000213623047,46.830413818359375
2019-04-30,265.5867919921875,145.20103454589844,54.024227142333984,37.377628326416016,101.7354965209961,90.10726928710938,93.39252471923828,67.22543334960938,121.19999694824219,48.16579818725586
2019-05-31,248.65005493164062,133.7988739013672,51.30520248413086,34.63790512084961,108.69342803955078,92.8542709350586,94.93403625488281,67.31838989257812,123.33000183105469,46.41311264038086
2019-06-28,265.9526672363281,143.14463806152344,54.33818435668945,36.78813934326172,109.72615051269531,93.98445129394531,98.01628875732422,68.3647232055664,133.1999969482422,48.83566665649414
2019-07-31,269.9737854003906,144.120361328125,53.280025482177734,35.81077575683594,110.00759887695312,94.02041625976562,98.26526641845703,69.53020477294922,133.2100067138672,49.97939682006836
2019-08-30,265.4534912109375,137.0137939453125,52.25493621826172,34.45619583129883,122.16252899169922,97.73574829101562,102.08384704589844,72.13494110107422,143.75,51.06426239013672
2019-09-30,270.61871337890625,139.8048095703125,53.9083137512207,35.03917694091797,118.88865661621094,96.57649230957031,101.31219482421875,73.52505493164062,138.8699951171875,51.95852279663086
2019-10-31,276.6005554199219,143.60153198242188,55.73528289794922,36.505210876464844,117.56510925292969,96.7579345703125,101.76323699951172,74.35295867919922,142.42999267578125,51.73857879638672
2019-11-29,286.613037109375,149.4398651123047,56.36357116699219,36.47092819213867,117.08650970458984,96.09309387207031,102.24658966064453,73.38314056396484,137.86000061035156,52.44919204711914
2019-12-31,294.9407958984375,153.60401916503906,58.051883697509766,39.290218353271484,113.34268951416016,95.2012939453125,102.78581237792969,73.94744110107422,142.89999389648438,53.71464538574219
2020-01-31,294.8216857910156,148.83839416503906,56.4133186340332,36.873443603515625,122.06002807617188,98.5007553100586,105.3000259399414,74.85596466064453,149.3300018310547,53.88521957397461
2020-02-28,271.48175048828125,135.67257690429688,52.032684326171875,35.481163024902344,130.1483154296875,101.41802978515625,106.44917297363281,69.59619903564453,148.3800048828125,49.45874786376953
2020-03-31,237.58154296875,106.5340576171875,44.69259262084961,29.88578987121582,138.44747924804688,105.19352722167969,99.73031616210938,56.1002311706543,148.0500030517578,46.72265625
2020-04-30,267.7505187988281,121.2865219116211,47.29255676269531,32.083656311035156,140.13511657714844,105.48307037353516,104.56299591064453,61.1279411315918,158.8000030517578,49.973594665527344
2020-05-29,280.5075378417969,129.28170776367188,49.85907745361328,33.03811264038086,137.66598510742188,105.82847595214844,107.1355209350586,62.1881103515625,162.91000366210938,50.805625915527344
2020-06-30,285.48223876953125,133.7159423828125,51.60972595214844,35.220252990722656,138.12945556640625,105.87369537353516,109.4148941040039,63.696136474609375,167.3699951171875,50.69151306152344
2020-07-31,302.29486083984375,137.6196746826172,52.610206604003906,38.12664794921875,144.2556610107422,106.7779769897461,112.80684661865234,66.0158920288086,185.42999267578125,54.20119857788086
2020-08-31,323.3939514160156,145.15625,55.09446334838867,39.22755432128906,136.9757080078125,105.74236297607422,110.80086517333984,66.3078842163086,184.8300018310547,56.690818786621094
2020-09-30,311.2850036621094,140.42222595214844,53.966800689697266,38.831233978271484,138.03515625,106.08899688720703,110.31360626220703,64.54125213623047,177.1199951171875,55.74137878417969
2020-10-30,303.5235290527344,143.51588439941406,52.05061721801758,39.377281188964844,133.3623504638672,104.62409210205078,109.75059509277344,62.604026794433594,176.1999969482422,54.14131164550781
2020-11-30,336.5398254394531,169.6991424560547,59.47794723510742,42.91779327392578,135.58143615722656,104.97814178466797,113.889892578125,68.6609115600586,166.6699981689453,58.18495559692383
2020-12-31,349.0082092285156,184.3721160888672,62.46100616455078,45.97761154174805,133.9169158935547,104.72779846191406,114.06144714355469,70.53814697265625,178.36000061035156,59.14560317993164
2021-01-29,345.45159912109375,193.3057861328125,61.973026275634766,47.43693923950195,129.05201721191406,103.58403015136719,111.97232055664062,70.56303405761719,172.61000061035156,56.199283599853516
2021-02-26,355.05706787109375,205.29568481445312,63.35991668701172,47.81066131591797,121.65350341796875,101.13602447509766,109.43798828125,72.97993469238281,161.80999755859375,55.50654983520508
2021-03-31,371.1763916015625,208.15966796875,64.95225524902344,47.463626861572266,115.2724838256836,98.72319030761719,107.82048797607422,76.73988342285156,159.9600067138672,60.223602294921875
2021-04-30,390.81549072265625,211.88119506835938,66.86991119384766,48.03311538696289,118.14862060546875,99.71170806884766,108.94524383544922,82.77147674560547,165.66000366210938,61.34327697753906
2021-05-31,393.3815612792969,212.4558563232422,69.19850158691406,48.825069427490234,118.15119934082031,100.1353530883789,109.62359619140625,83.43977355957031,178.3800048828125,62.427677154541016
2021-06-30,402.2041320800781,216.42662048339844,68.45252990722656,49.28910446166992,123.37245178222656,101.1592788696289,112.04781341552734,85.64054870605469,165.6300048828125,62.087791442871094
2021-07-30,412.02294921875,208.57615661621094,68.98189544677734,46.116363525390625,127.957763671875,103.17257690429688,113.63780212402344,89.42658996582031,169.82000732421875,63.45429229736328
2021-08-31,424.28472900390625,213.17132568359375,69.97987365722656,46.84029006958008,127.52245330810547,102.76560974121094,113.2469482421875,91.353271484375,169.69000244140625,64.11982727050781
2021-09-30,404.5107116699219,207.03125,67.69754791259766,45.026023864746094,123.81539916992188,101.12442016601562,111.53983306884766,86.16307067871094,164.22000122070312,61.46579360961914
2021-10-29,432.8926696777344,215.83303833007812,69.84969329833984,45.508628845214844,126.86746978759766,100.67646026611328,112.13208770751953,92.30911254882812,166.64999389648438,63.61763381958008
2021-11-30,429.41448974609375,206.4822998046875,66.68219757080078,43.649681091308594,130.38357543945312,101.77595520019531,111.99909973144531,90.36201477050781,165.5,62.76046371459961
2021-12-31,449.2737731933594,211.17254638671875,69.61017608642578,44.30751419067383,127.75790405273438,101.2426528930664,111.96082305908203,99.13218688964844,170.9600067138672,69.32189178466797
2022-01-31,425.5785827636719,191.03787231445312,67.07987213134766,44.29844284057617,122.75759887695312,99.10334777832031,107.93931579589844,90.7835922241211,168.08999633789062,68.29702758789062
2022-02-28,413.0168151855469,193.01239013671875,64.77958679199219,42.384647369384766,120.75296783447266,98.80195617675781,105.63864135742188,87.62188720703125,178.3800048828125,67.3350830078125
2022-03-31,428.5422668457031,195.24656677246094,65.11576843261719,40.951576232910156,114.1787109375,94.78968048095703,102.58171081542969,93.11042785644531,180.64999389648438,68.53457641601562
2022-04-29,390.9295349121094,175.91879272460938,60.7275390625,38.43914794921875,103.41865539550781,90.78172302246094,95.70946502685547,89.30424499511719,176.91000366210938,70.1149673461914
2022-05-31,391.8118896484375,176.26119995117188,61.93961715698242,38.67496871948242,101.08833312988281,91.34313201904297,97.49342346191406,85.1199722290039,171.13999938964844,67.252197265625
2022-06-30,359.5030212402344,161.5146026611328,56.509586334228516,36.68024826049805,99.79985809326172,90.55441284179688,93.96141052246094,78.77948760986328,168.4600067138672,65.67362976074219
2022-07-29,392.608642578125,178.5758514404297,59.43047332763672,36.55217742919922,102.22604370117188,93.23617553710938,98.13744354248047,85.56707763671875,164.10000610351562,67.775390625
2022-08-31,376.5894775390625,174.9995880126953,55.79519271850586,36.0673828125,97.57158660888672,89.64297485351562,93.79080963134766,80.42235565185547,159.27000427246094,66.51980590820312
2022-09-30,341.7752685546875,158.09384155273438,50.64973068237305,31.905412673950195,89.53646087646484,85.3984375,88.1822738647461,70.07093811035156,154.6699981689453,61.10984802246094
2022-10-31,369.5533142089844,175.74183654785156,53.63391876220703,31.274255752563477,84.19613647460938,84.1567153930664,87.52506256103516,72.52696228027344,151.91000366210938,66.6136703491211
2022-11-30,390.0972900390625,179.61460876464844,60.696495056152344,36.14971160888672,90.21704864501953,87.19667053222656,93.34346008300781,76.98451232910156,164.80999755859375,70.68888092041016
2022-12-30,367.6167297363281,167.91427612304688,59.59613037109375,35.19625473022461,87.85331726074219,85.89912414550781,91.89559173583984,73.10885620117188,169.63999938964844,68.76079559326172
2023-01-31,390.735107421875,184.40139770507812,64.96195220947266,38.409423828125,94.56851196289062,88.97526550292969,96.63726043701172,80.7140121459961,179.41000366210938,68.01370239257812
2023-02-28,380.9110412597656,181.22340393066406,62.96451950073242,35.50271224975586,89.98139190673828,86.06512451171875,92.60834503173828,75.98072814941406,169.77999877929688,66.43648529052734
2023-03-31,395.0342712402344,172.4388885498047,64.9347152709961,36.64497375488281,94.33594512939453,89.26762390136719,96.17234802246094,74.34300231933594,183.22000122070312,69.2396469116211
2023-04-28,401.34503173828125,169.34580993652344,66.84135437011719,36.33851623535156,94.65511322021484,89.99497985839844,96.75326538085938,74.57577514648438,184.8000030517578,71.7697525024414
2023-05-31,403.19769287109375,167.96359252929688,64.16297912597656,35.46556854248047,91.80099487304688,88.70051574707031,95.04178619384766,71.62138366699219,182.32000732421875,67.34900665283203
2023-06-30,429.3248291015625,181.51377868652344,67.03109741210938,37.02565383911133,92.00029754638672,87.58709716796875,95.81170654296875,75.65328216552734,178.27000427246094,69.22684478759766
2023-07-31,443.3780212402344,192.60214233398438,68.84324645996094,39.26253890991211,89.65956115722656,87.01630401611328,95.8632583618164,77.19242095947266,182.35000610351562,70.7015380859375
2023-08-31,436.1722412109375,182.8125762939453,66.13426208496094,36.6606330871582,86.84239959716797,86.38033294677734,94.6850357055664,74.58493041992188,180.02000427246094,67.91082763671875
2023-09-29,415.4826354980469,172.11146545410156,63.721153259277344,35.51879119873047,79.93744659423828,83.66901397705078,91.31683349609375,69.16727447509766,171.4499969482422,64.65930938720703
2023-10-31,406.4631042480469,160.21148681640625,61.87202072143555,34.34886932373047,75.57032012939453,82.05609130859375,89.1143569946289,66.66239929199219,184.08999633789062,63.7666130065918
2023-11-30,443.5909729003906,174.95497131347656,66.9571304321289,37.02565383911133,83.06980895996094,85.79328918457031,95.86428833007812,74.71636199951172,188.75,66.39772033691406
2023-12-29,463.8432922363281,196.17034912109375,70.54000091552734,38.345733642578125,90.2850570678711,89.02964782714844,100.53794860839844,81.7735824584961,191.1699981689453,68.19818878173828
2024-01-31,471.2306823730469,188.51742553710938,70.2217025756836,36.61011505126953,88.25801849365234,89.09432220458984,100.09274291992188,77.63677978515625,188.4499969482422,69.04084014892578
2024-02-29,495.82269287109375,199.12200927734375,72.31871032714844,38.13593673706055,86.27029418945312,87.23880767822266,98.158935546875,79.17304992675781,189.30999755859375,70.48945617675781
2024-03-29,512.037109375,206.06532287597656,74.7621078491211,39.17539978027344,86.94568634033203,87.87844848632812,99.67157745361328,80.71774291992188,205.72000122070312,72.83011627197266
2024-04-30,491.39190673828125,191.9552764892578,72.3374252319336,39.08957290649414,81.33292388916016,85.1280288696289,96.43914794921875,74.30549621582031,211.8699951171875,72.0098648071289
2024-05-31,516.2463989257812,201.62657165527344,75.99784088134766,39.852481842041016,83.68098449707031,86.66048431396484,98.57405853271484,77.69361877441406,215.3000030517578,73.76480865478516
2024-06-28,534.4596557617188,199.35951232910156,74.60955810546875,40.89582824707031,85.20157623291016,87.71512603759766,99.1618881225586,79.15084075927734,215.00999450683594,73.59138488769531
2024-07-31,540.931396484375,219.964599609375,76.54313659667969,41.24150848388672,88.29435729980469,90.25643157958984,101.77786254882812,85.43490600585938,226.5500030517578,74.81182098388672
2024-08-30,553.5706176757812,216.2503662109375,79.03868865966797,41.644798278808594,90.15843963623047,91.47107696533203,103.68164825439453,89.8951644897461,231.2899932861328,79.28996276855469
2024-09-30,565.1981201171875,217.78692626953125,79.6578140258789,44.03575134277344,91.96113586425781,92.73566436767578,105.71681213378906,92.8344497680664,243.05999755859375,80.1846923828125
2024-10-31,560.154541015625,214.7008819580078,75.45728302001953,42.68184280395508,86.94474029541016,89.59434509277344,102.35567474365234,89.71836853027344,253.50999450683594,77.40238952636719
2024-11-29,593.5585327148438,238.47216796875,75.21915435791016,41.5391731262207,88.67253875732422,90.50906372070312,104.18875885009766,93.53961944580078,245.58999633789062,80.39723205566406
2024-12-31,581.3925170898438,218.22586059570312,73.00006103515625,40.97108840942383,83.4610824584961,88.627685546875,101.6571273803711,84.96744537353516,240.6300048828125,76.28621673583984
