date,markowitz|historical_mean,markowitz|capm,markowitz|ff3f,mean_cvar|historical_mean,mean_cvar|capm,mean_cvar|ff3f,risk_parity|none
2010-02-26,0.355218,0.347518,0.36,0.267263,0.260806,0.269587,0.127937
2010-03-31,0.342351,0.337059,0.36,0.269351,0.26654,0.275038,0.128207
2010-04-30,0.330871,0.289323,0.340365,0.274356,0.269216,0.26978,0.129148
2010-05-31,0.351999,0.309047,0.341429,0.271472,0.259158,0.26888,0.128853
2010-06-30,0.345992,0.36,0.36,0.269326,0.265392,0.267513,0.130531
2010-07-30,0.33173,0.36,0.36,0.271972,0.265774,0.268769,0.130683
2010-08-31,0.314598,0.36,0.36,0.269305,0.263301,0.254354,0.130855
2010-09-30,0.317568,0.36,0.36,0.264551,0.26645,0.258499,0.13081
2010-10-29,0.313288,0.36,0.36,0.270495,0.269,0.255324,0.131245
2010-11-30,0.318032,0.36,0.36,0.280759,0.267436,0.257183,0.131104
2010-12-31,0.356288,0.352463,0.36,0.281565,0.260492,0.25944,0.130379
2011-01-31,0.311144,0.228716,0.345149,0.267081,0.259978,0.260816,0.130952
2011-02-28,0.265067,0.17198,0.36,0.267346,0.247646,0.250994,0.130615
2011-03-31,0.242608,0.174877,0.339463,0.254132,0.236437,0.262664,0.130905
2011-04-29,0.28704,0.172721,0.340094,0.244758,0.237517,0.262277,0.130897
2011-05-31,0.27675,0.173779,0.343755,0.260303,0.249155,0.249901,0.130914
2011-06-30,0.277466,0.175001,0.340872,0.266404,0.242317,0.262309,0.131145
2011-07-29,0.253186,0.184086,0.353824,0.270789,0.244037,0.250676,0.129424
2011-08-31,0.280854,0.210781,0.354828,0.256314,0.237687,0.259051,0.128973
2011-09-30,0.313174,0.183373,0.348176,0.272174,0.256499,0.25832,0.128889
2011-10-31,0.314249,0.20452,0.36,0.311663,0.275463,0.256687,0.13132
2011-11-30,0.244825,0.247829,0.341085,0.229788,0.243891,0.203132,0.128987
2011-12-30,0.227043,0.252997,0.357637,0.228989,0.248488,0.222882,0.13108
2012-01-31,0.236031,0.231775,0.350449,0.242452,0.263811,0.220748,0.135904
2012-02-29,0.161914,0.224274,0.288904,0.162235,0.181255,0.195284,0.141667
2012-03-30,0.161813,0.236313,0.194527,0.189284,0.16856,0.171836,0.140979
2012-04-30,0.168115,0.240417,0.199801,0.21919,0.177429,0.184082,0.141013
2012-05-31,0.171713,0.243325,0.237843,0.204877,0.183746,0.208495,0.139372
2012-06-29,0.189484,0.242959,0.247173,0.206822,0.191789,0.196494,0.140462
2012-07-31,0.205269,0.244185,0.229839,0.246273,0.196247,0.208031,0.140765
2012-08-31,0.199863,0.243393,0.247893,0.239493,0.187738,0.212524,0.138952
2012-09-28,0.181249,0.244129,0.233809,0.197799,0.196155,0.196909,0.138394
2012-10-31,0.173387,0.239992,0.221846,0.172048,0.190671,0.181142,0.138478
2012-11-30,0.173562,0.241309,0.158627,0.176373,0.186136,0.184333,0.140097
2012-12-31,0.181063,0.245454,0.177854,0.184697,0.192359,0.19951,0.139003
2013-01-31,0.176268,0.245469,0.168941,0.182696,0.189181,0.184208,0.143088
2013-02-28,0.168983,0.243704,0.199998,0.178071,0.176497,0.176612,0.140621
2013-03-29,0.173715,0.244227,0.193868,0.181754,0.1797,0.177315,0.140447
2013-04-30,0.176653,0.242545,0.189263,0.179209,0.181462,0.173707,0.139252
2013-05-31,0.179596,0.24712,0.16365,0.189108,0.194735,0.181136,0.139183
2013-06-28,0.183596,0.271744,0.17391,0.200281,0.188895,0.169219,0.131271
2013-07-31,0.214771,0.262811,0.199681,0.236575,0.191878,0.169159,0.129317
2013-08-30,0.212146,0.264355,0.208889,0.213266,0.184939,0.170439,0.129308
2013-09-30,0.216726,0.256783,0.197838,0.212006,0.190951,0.166719,0.129324
2013-10-31,0.209389,0.251601,0.190317,0.187052,0.174352,0.159131,0.125893
2013-11-29,0.215669,0.2484,0.208003,0.199265,0.172953,0.164207,0.12553
2013-12-31,0.212795,0.252419,0.240929,0.205013,0.16901,0.175951,0.125702
2014-01-31,0.207517,0.250468,0.23284,0.198251,0.152592,0.178233,0.124059
2014-02-28,0.200411,0.249926,0.191164,0.196113,0.168669,0.152738,0.124997
2014-03-31,0.19848,0.251354,0.188381,0.191906,0.168432,0.147266,0.125478
2014-04-30,0.203142,0.252747,0.254473,0.191081,0.16035,0.16421,0.125725
2014-05-30,0.210582,0.250186,0.256723,0.19893,0.170814,0.179248,0.125311
2014-06-30,0.216244,0.245808,0.255156,0.204404,0.165348,0.181614,0.124778
2014-07-31,0.218246,0.24502,0.252015,0.234494,0.153456,0.168385,0.125475
2014-08-29,0.262213,0.239699,0.234058,0.255873,0.161104,0.185359,0.126231
2014-09-30,0.271054,0.233944,0.24438,0.290803,0.187523,0.229418,0.125761
2014-10-31,0.270759,0.251317,0.281888,0.275898,0.29121,0.283117,0.11926
2014-11-28,0.269254,0.255506,0.277261,0.284393,0.273567,0.292579,0.113299
2014-12-31,0.254357,0.250485,0.291007,0.256685,0.295878,0.276919,0.112672
2015-01-30,0.260175,0.248819,0.269791,0.254771,0.297098,0.273686,0.112949
2015-02-27,0.255878,0.267467,0.292059,0.243459,0.227034,0.282016,0.109364
2015-03-31,0.267472,0.269469,0.289609,0.249927,0.239726,0.283663,0.108958
2015-04-30,0.250417,0.267895,0.27502,0.239006,0.220898,0.215458,0.109482
2015-05-29,0.260493,0.262566,0.270605,0.224435,0.221322,0.231674,0.109014
2015-06-30,0.226472,0.270876,0.279794,0.229488,0.30511,0.28336,0.105046
2015-07-31,0.242734,0.26881,0.270918,0.248601,0.301335,0.277251,0.105284
2015-08-31,0.24986,0.265793,0.278171,0.238257,0.271145,0.272379,0.105293
2015-09-30,0.254998,0.265329,0.262941,0.223698,0.202225,0.199308,0.106632
2015-10-30,0.260608,0.268667,0.279767,0.218663,0.184128,0.200068,0.108296
2015-11-30,0.255807,0.271604,0.290183,0.246203,0.186402,0.193389,0.109668
2015-12-31,0.247667,0.268838,0.278923,0.237757,0.186022,0.182051,0.109754
2016-01-29,0.33393,0.267787,0.298844,0.243492,0.194555,0.185656,0.109703
2016-02-29,0.297075,0.275934,0.327708,0.233246,0.205459,0.205893,0.109676
2016-03-31,0.288156,0.276652,0.319653,0.22135,0.212356,0.200524,0.109462
2016-04-29,0.287606,0.273828,0.330455,0.259757,0.211003,0.218086,0.11241
2016-05-31,0.290672,0.272783,0.333262,0.250448,0.226329,0.228509,0.112679
2016-06-30,0.272164,0.25514,0.317539,0.215322,0.208794,0.224848,0.111949
2016-07-29,0.20974,0.264622,0.320038,0.211406,0.20926,0.21943,0.112219
2016-08-31,0.232773,0.266715,0.312359,0.217517,0.209377,0.219538,0.112712
2016-09-30,0.216123,0.264872,0.331763,0.207531,0.196255,0.211682,0.112323
2016-10-31,0.214482,0.257425,0.325537,0.205691,0.198593,0.208467,0.112141
2016-11-30,0.205619,0.255988,0.333306,0.222046,0.212939,0.22793,0.111936
2016-12-30,0.257533,0.27421,0.283343,0.21793,0.211015,0.214254,0.110372
2017-01-31,0.212777,0.276271,0.273462,0.212939,0.212529,0.213325,0.110563
2017-02-28,0.279513,0.274318,0.285849,0.213627,0.193363,0.210187,0.110527
2017-03-31,0.282153,0.270201,0.29431,0.213635,0.19817,0.208111,0.110055
2017-04-28,0.273509,0.277955,0.295647,0.218746,0.201026,0.197495,0.110134
2017-05-31,0.241263,0.280602,0.272103,0.230063,0.193742,0.197566,0.110084
2017-06-30,0.256371,0.280049,0.27816,0.212113,0.196766,0.196485,0.110218
2017-07-31,0.255553,0.281937,0.284137,0.208031,0.193155,0.194524,0.110049
2017-08-31,0.224129,0.284318,0.257146,0.206248,0.183244,0.182031,0.110313
2017-09-29,0.223786,0.287314,0.26957,0.208208,0.187136,0.186017,0.110251
2017-10-31,0.175768,0.275854,0.254015,0.186626,0.176578,0.172449,0.109554
2017-11-30,0.197838,0.273582,0.256703,0.190559,0.175862,0.177234,0.109356
2017-12-29,0.196979,0.275765,0.267804,0.183842,0.182844,0.178215,0.109619
2018-01-31,0.219744,0.281637,0.257176,0.188697,0.178046,0.176981,0.109679
2018-02-28,0.291728,0.270853,0.256431,0.201359,0.172138,0.177378,0.107588
2018-03-30,0.262662,0.276672,0.255467,0.247891,0.201066,0.199087,0.113161
2018-04-30,0.27865,0.293802,0.259808,0.230762,0.206364,0.203118,0.112955
2018-05-31,0.336974,0.290817,0.276304,0.227343,0.207129,0.208548,0.113066
2018-06-29,0.305436,0.292079,0.30063,0.2227,0.197273,0.194996,0.112903
2018-07-31,0.321353,0.295155,0.276341,0.211397,0.188134,0.182475,0.109014
2018-08-31,0.284107,0.296572,0.314366,0.215858,0.198415,0.200425,0.109638
2018-09-28,0.271198,0.296243,0.275015,0.242103,0.192228,0.182566,0.108363
2018-10-31,0.301687,0.298129,0.270932,0.230207,0.236369,0.215238,0.107644
2018-11-30,0.302776,0.3272,0.263659,0.225885,0.176603,0.179809,0.106296
2018-12-31,0.284633,0.328995,0.251884,0.228781,0.178355,0.18971,0.106145
2019-01-31,0.320976,0.337347,0.250162,0.220369,0.197673,0.180415,0.108473
2019-02-28,0.281504,0.303783,0.259938,0.239421,0.188295,0.18818,0.112642
2019-03-29,0.321895,0.30397,0.260656,0.233613,0.180448,0.181002,0.110836
2019-04-30,0.283859,0.309484,0.245819,0.209111,0.170744,0.159927,0.108178
2019-05-31,0.281685,0.303927,0.251797,0.237612,0.159913,0.152773,0.108346
2019-06-28,0.250373,0.3055,0.245067,0.229563,0.170063,0.152632,0.109235
2019-07-31,0.265907,0.300336,0.241694,0.272548,0.188657,0.180449,0.110778
2019-08-30,0.300566,0.286979,0.257477,0.291649,0.187593,0.175319,0.11057
2019-09-30,0.253652,0.296306,0.199507,0.259566,0.176284,0.142337,0.1117
2019-10-31,0.263573,0.281541,0.244565,0.232106,0.181149,0.163062,0.10818
2019-11-29,0.23438,0.268418,0.19626,0.201114,0.164249,0.133849,0.108481
2019-12-31,0.248243,0.267366,0.201044,0.179056,0.153696,0.154264,0.111224
2020-01-31,0.252391,0.265109,0.193731,0.185295,0.150948,0.161227,0.111443
2020-02-28,0.243915,0.2522,0.207611,0.211031,0.176903,0.170649,0.11036
2020-03-31,0.232344,0.235517,0.230863,0.225057,0.222449,0.187836,0.113726
2020-04-30,0.254624,0.14904,0.22093,0.216298,0.182672,0.210351,0.125698
2020-05-29,0.256017,0.143621,0.215827,0.224851,0.192369,0.21543,0.129523
2020-06-30,0.23861,0.14244,0.21426,0.22681,0.194096,0.214714,0.131965
2020-07-31,0.227851,0.143835,0.220026,0.210618,0.178463,0.198001,0.13258
2020-08-31,0.229957,0.147833,0.22261,0.227553,0.204795,0.229718,0.134594
2020-09-30,0.237634,0.152453,0.221157,0.232675,0.201053,0.225659,0.134474
2020-10-30,0.229044,0.153822,0.222584,0.209015,0.19867,0.225416,0.136368
2020-11-30,0.212284,0.153514,0.261227,0.205067,0.217522,0.243479,0.135457
2020-12-31,0.212623,0.156112,0.263879,0.216203,0.218352,0.232813,0.138951
2021-01-29,0.228529,0.15724,0.280827,0.233494,0.212962,0.249768,0.139801
2021-02-26,0.235065,0.159821,0.267176,0.231024,0.219658,0.243001,0.139773
2021-03-31,0.220656,0.152329,0.234145,0.223207,0.212777,0.214096,0.135258
2021-04-30,0.226643,0.150558,0.200716,0.229077,0.204906,0.195083,0.134068
2021-05-31,0.213098,0.150063,0.194836,0.228265,0.204508,0.18631,0.134877
2021-06-30,0.20591,0.151599,0.202692,0.208439,0.200198,0.189339,0.135086
2021-07-30,0.196488,0.153973,0.222602,0.20619,0.194545,0.194782,0.134752
2021-08-31,0.201708,0.154686,0.230279,0.208466,0.208671,0.193688,0.134606
2021-09-30,0.195008,0.152043,0.222083,0.211344,0.207218,0.197524,0.134481
2021-10-29,0.200658,0.152786,0.203467,0.222355,0.231784,0.210485,0.134941
2021-11-30,0.233909,0.158579,0.19375,0.218694,0.186044,0.180329,0.133541
2021-12-31,0.248123,0.164299,0.202122,0.225626,0.208137,0.195141,0.135214
2022-01-31,0.234966,0.165517,0.177982,0.198635,0.15281,0.160646,0.131626
2022-02-28,0.227767,0.159596,0.212542,0.21467,0.174393,0.170261,0.129538
2022-03-31,0.206686,0.158748,0.216856,0.221202,0.199691,0.19541,0.129891
2022-04-29,0.251741,0.16359,0.227848,0.220076,0.189624,0.189555,0.128119
2022-05-31,0.34981,0.183452,0.258277,0.260113,0.227005,0.228407,0.125656
2022-06-30,0.333621,0.220045,0.284752,0.260088,0.215163,0.221939,0.124625
2022-07-29,0.350397,0.268095,0.267511,0.288353,0.242989,0.254402,0.126966
2022-08-31,0.347715,0.336449,0.291815,0.282761,0.230031,0.232096,0.125937
2022-09-30,0.36,0.324973,0.278217,0.308964,0.214285,0.214715,0.126783
2022-10-31,0.36,0.35584,0.270386,0.294154,0.259542,0.263681,0.125479
2022-11-30,0.340285,0.355881,0.275236,0.301308,0.276975,0.266223,0.125866
2022-12-30,0.36,0.356966,0.292839,0.311768,0.254665,0.263834,0.12403
2023-01-31,0.344202,0.36,0.296599,0.325212,0.267561,0.270008,0.124075
2023-02-28,0.345855,0.36,0.281201,0.300621,0.273477,0.265189,0.124072
2023-03-31,0.340064,0.36,0.273328,0.312062,0.271116,0.265815,0.121475
2023-04-28,0.351453,0.339932,0.340105,0.276448,0.275519,0.286245,0.113144
2023-05-31,0.36,0.322906,0.337366,0.285046,0.266459,0.272339,0.111733
2023-06-30,0.341361,0.346485,0.34525,0.25223,0.268097,0.270875,0.111688
2023-07-31,0.36,0.353973,0.343494,0.247546,0.265184,0.273321,0.112239
2023-08-31,0.34644,0.350858,0.336038,0.242217,0.254525,0.261175,0.112867
2023-09-29,0.344716,0.36,0.36,0.241013,0.264693,0.258266,0.113268
2023-10-31,0.355675,0.353413,0.36,0.237939,0.262476,0.262464,0.112849
2023-11-30,0.36,0.357639,0.36,0.27915,0.267218,0.284467,0.113228
2023-12-29,0.340004,0.333947,0.36,0.276268,0.267023,0.302717,0.110415
2024-01-31,0.36,0.337984,0.36,0.254904,0.262361,0.305806,0.110375
2024-02-29,0.36,0.340558,0.353604,0.25814,0.270283,0.327199,0.110744
2024-03-29,0.36,0.343421,0.356436,0.292454,0.277004,0.316636,0.111496
2024-04-30,0.36,0.345053,0.34106,0.284342,0.28677,0.308248,0.110858
2024-05-31,0.36,0.34006,0.36,0.294717,0.283079,0.315269,0.111125
2024-06-28,0.36,0.35176,0.311806,0.288012,0.283129,0.311482,0.111664
2024-07-31,0.36,0.349632,0.343721,0.29135,0.284745,0.31961,0.111666
2024-08-30,0.36,0.352212,0.36,0.286064,0.286946,0.312473,0.111383
2024-09-30,0.36,0.345761,0.34618,0.302638,0.282174,0.31476,0.111142
2024-10-31,0.348246,0.303298,0.344755,0.314887,0.286756,0.319547,0.111095
2024-11-29,0.36,0.329385,0.36,0.295707,0.287634,0.311633,0.110953
2024-12-31,0.359521,0.305285,0.36,0.349834,0.281514,0.304784,0.111226
