date,RP CAL,RP THR,MKT HM CAL,MKT HM THR,MCVAR HM CAL,MCVAR HM THR,MKT CAPM CAL,MKT CAPM THR,MCVAR CAPM CAL,MCVAR CAPM THR,MKT FF3F CAL,MKT FF3F THR,MCVAR FF3F CAL,MCVAR FF3F THR,60/40 CAL,EW CAL
2010-02-26,0.016452,0.016452,0.015324,0.015324,0.01378,0.01378,0.005436,0.005436,0.011352,0.011352,0.002669,0.002669,0.011684,0.011684,0.017347,0.02216
2010-03-31,0.020592,0.021187,-0.002771,-0.002771,0.002392,0.001653,-0.012486,-0.01285,0.002464,0.001906,-0.005737,-0.005706,0.003797,0.003709,0.028282,0.039851
2010-04-30,0.022669,0.022784,0.031282,0.031902,0.020606,0.021439,0.02702,0.026954,0.01673,0.017769,0.023325,0.023325,0.018083,0.01789,0.02253,0.023059
2010-05-31,-0.01303,-0.015139,0.020463,0.019181,0.009703,0.009381,0.031339,0.031339,0.003225,0.007966,-0.022255,-0.022255,0.001831,0.004645,-0.027247,-0.036275
2010-06-30,0.007238,0.006361,0.029219,0.029156,0.025025,0.025024,0.039842,0.039842,0.021728,0.022858,0.040874,0.040874,0.020894,0.020986,-0.007917,-0.009692
2010-07-30,0.028316,0.026615,-0.012957,-0.013755,0.000546,0.001404,-0.010335,-0.010258,0.013827,0.011415,0.004062,0.003939,0.015411,0.013451,0.03714,0.048449
2010-08-31,0.016421,0.015747,0.038718,0.038716,0.030668,0.03528,0.058383,0.058498,0.028119,0.030587,-0.012821,-0.012825,0.024549,0.027326,0.006539,-0.001837
2010-09-30,0.035534,0.034082,0.015221,0.017984,0.017116,0.016053,-0.000562,-0.00152,0.016135,0.013817,-0.010351,-0.010351,0.017998,0.015605,0.043587,0.056303
2010-10-29,0.011177,0.011723,0.009697,0.011917,0.008772,0.008504,-0.01056,-0.010939,0.007483,0.004788,0.014314,0.014314,0.007147,0.007097,0.004991,0.021627
2010-11-30,-0.008296,-0.007961,-0.001529,-0.000696,-0.006185,-0.006313,-0.006154,-0.005852,-0.008881,-0.008986,0.005662,0.006182,-0.005588,-0.005992,-0.006797,-0.009773
2010-12-31,0.009703,0.01465,-0.008452,-0.007328,-0.005841,-0.006574,-0.026655,-0.022972,-0.004945,-0.004506,0.022239,0.02435,-0.004964,-0.004032,0.022245,0.030723
2011-01-31,-0.011507,-0.0113,-0.026378,-0.026378,-0.015652,-0.015478,-0.006791,-0.006834,-0.009366,-0.010394,0.000112,-0.001551,-0.007487,-0.009805,0.001607,-0.007484
2011-02-28,0.022988,0.024579,0.024167,0.024167,0.019013,0.018267,0.026762,0.026762,0.017398,0.017412,0.025967,0.028253,0.018855,0.016945,0.027417,0.028631
2011-03-31,0.004626,0.005215,0.005923,0.005337,0.004138,0.00342,0.00985,0.00985,0.003065,0.003868,0.00866,0.008605,0.004283,0.004271,0.000181,0.006986
2011-04-29,0.036933,0.038384,0.049019,0.048924,0.039702,0.039703,0.033142,0.032964,0.034063,0.033996,0.024919,0.024919,0.030358,0.032142,0.026733,0.040598
2011-05-31,0.008955,0.006615,0.002928,0.002928,0.011728,0.011728,-0.002848,-0.003638,0.015684,0.014292,-0.004993,-0.002193,0.011781,0.012432,0.00696,0.001207
2011-06-30,-0.016185,-0.016946,-0.014964,-0.014964,-0.013819,-0.014234,-0.01702,-0.017096,-0.013435,-0.013557,-0.014388,-0.014114,-0.012829,-0.013017,-0.019436,-0.01828
2011-07-29,0.020033,0.019189,0.036095,0.041704,0.028274,0.029828,-0.016671,-0.016655,0.021586,0.021479,-0.00629,-0.006362,0.019167,0.019786,0.005653,0.009893
2011-08-31,0.016826,0.016596,0.056396,0.057504,0.039628,0.039598,-0.065653,-0.065653,0.023814,0.028408,-0.054128,-0.050955,0.017225,0.020463,0.005653,-0.010919
2011-09-30,-0.023011,-0.026424,-0.038607,-0.038667,-0.026061,-0.026061,-0.079596,-0.079596,-0.009475,-0.00952,-0.085648,-0.085726,-0.018123,-0.017612,0.011099,-0.056263
2011-10-31,0.041902,0.03951,0.020434,0.020434,0.017367,0.017367,0.111337,0.111337,0.024228,0.024228,0.117442,0.117442,0.029539,0.027015,0.050071,0.074041
2011-11-30,0.00023,0.001159,-0.001542,-0.001542,0.000167,0.000167,-0.003792,-0.003792,0.001377,0.001377,-0.004685,-0.004685,0.002985,0.002935,0.00545,-0.004926
2011-12-30,-0.003273,0.002194,-0.032835,-0.032915,-0.030621,-0.023084,-0.011211,-0.012794,0.000245,0.00253,-0.043572,-0.044415,-0.00611,-0.000633,0.013751,-0.006234
2012-01-31,0.033999,0.034554,0.032481,0.032481,0.030769,0.030876,0.05396,0.050746,0.027415,0.027458,0.096404,0.0942,0.0367,0.036665,0.026494,0.047043
2012-02-29,0.003294,0.00326,-0.000625,-0.000625,-0.000533,-0.000533,0.035589,0.037287,0.011315,0.011315,0.034237,0.03425,0.01144,0.01144,0.015631,0.014547
2012-03-30,-0.007597,-0.008357,-0.001373,-0.001373,0.003177,0.003177,0.021102,0.022055,0.004892,0.004892,0.010687,0.010687,0.005618,0.005618,0.002321,0.002714
2012-04-30,0.015907,0.014855,0.017871,0.017342,0.020776,0.020776,-0.009438,-0.009714,0.008118,0.006738,-0.009788,-0.009847,0.007045,0.005562,0.015295,0.005342
2012-05-31,0.001037,-4.5e-05,0.009418,0.008524,0.006675,0.006675,-0.065813,-0.06375,-0.005892,-0.012996,-0.07085,-0.070883,-0.009279,-0.017443,4.2e-05,-0.033815
2012-06-29,0.015953,0.014291,0.014278,0.014237,0.01566,0.01566,0.048804,0.048697,0.016351,0.016329,0.046301,0.046301,0.016943,0.016887,0.017562,0.031426
2012-07-31,0.020183,0.020149,0.023419,0.023419,0.025125,0.025125,0.003836,0.003707,0.016152,0.016714,0.007867,0.007867,0.016199,0.01657,0.022339,0.013709
2012-08-31,0.004871,0.005088,-0.002249,-0.002103,-0.003459,-0.003622,0.023606,0.023336,0.005317,0.006509,0.01212,0.01212,0.004775,0.00476,0.009744,0.012595
2012-09-28,0.006759,0.006357,0.000557,-0.001877,-0.001675,-0.001715,0.025804,0.025904,0.008688,0.009236,0.032063,0.032063,0.010512,0.010512,0.005061,0.016493
2012-10-31,-0.005417,-0.005982,-0.007712,-0.007877,-0.00807,-0.00807,-0.012609,-0.012592,-0.00607,-0.006087,-0.005334,-0.005334,-0.005204,-0.00586,-0.012879,-0.007964
2012-11-30,0.007682,0.007507,0.007173,0.007173,0.007079,0.007079,0.010332,0.010983,0.006595,0.006763,0.012234,0.012234,0.007529,0.007574,0.008026,0.007963
2012-12-31,-0.011988,-0.00773,-0.023053,-0.024172,-0.025158,-0.028529,0.021903,0.023022,-0.020628,-0.019016,0.002973,0.002767,-0.0222,-0.023845,-0.010923,0.005976
2013-01-31,0.003662,0.003935,0.006578,0.006609,0.007841,0.007814,0.050817,0.049318,0.010573,0.014142,0.029551,0.029551,0.010829,0.010827,0.017956,0.017865
2013-02-28,0.006812,0.006021,0.013104,0.012958,0.013237,0.013237,0.010111,0.008165,0.012776,0.013935,0.00782,0.00782,0.011892,0.01174,0.01257,0.001563
2013-03-29,0.0116,0.012267,0.017278,0.016329,0.017879,0.018492,0.036823,0.034974,0.018334,0.01993,0.025117,0.026736,0.017589,0.017465,0.021105,0.017292
2013-04-30,0.021854,0.020998,0.023849,0.022262,0.025047,0.026878,0.020847,0.020872,0.020781,0.020703,0.020009,0.01986,0.022043,0.018823,0.030247,0.018286
2013-05-31,-0.034027,-0.033548,-0.027416,-0.026275,-0.031482,-0.030294,0.008213,0.006558,-0.017607,-0.016832,-0.026323,-0.026323,-0.025996,-0.026094,-0.012891,-0.029012
2013-06-28,-0.029772,-0.029746,-0.019915,-0.020056,-0.019568,-0.019643,-0.013331,-0.01338,-0.020191,-0.020145,-0.020538,-0.020538,-0.023865,-0.023865,-0.021135,-0.03261
2013-07-31,0.018957,0.018137,0.023729,0.023729,0.023187,0.023187,0.055512,0.056144,0.030251,0.027373,0.037117,0.037117,0.026275,0.026275,0.021964,0.030292
2013-08-30,-0.019818,-0.018847,-0.027492,-0.027737,-0.028507,-0.028507,-0.031906,-0.032417,-0.024807,-0.024763,-0.030046,-0.029379,-0.024273,-0.023276,-0.023391,-0.020763
2013-09-30,0.022038,0.020794,0.02356,0.021991,0.023924,0.022032,0.049459,0.048822,0.029088,0.029088,0.032723,0.032667,0.025956,0.025914,0.021586,0.027974
2013-10-31,0.025501,0.024665,0.033951,0.034693,0.032034,0.032052,0.03869,0.038073,0.027515,0.027515,0.040175,0.040535,0.030043,0.029872,0.033494,0.029054
2013-11-29,-0.005837,-0.005318,0.007892,0.007588,0.007778,0.007778,0.022209,0.024753,0.012079,0.012152,0.009813,0.01098,0.008962,0.010088,0.006955,-0.005731
2013-12-31,-0.011339,-0.003543,-0.001818,0.000756,-0.00147,-0.000981,0.013047,0.018684,-0.003409,-0.002925,0.008683,0.008788,-0.002649,-0.002184,0.00112,-0.00766
2014-01-31,0.005415,0.005562,-0.005118,-0.007112,-0.004488,-0.006956,-0.036057,-0.034916,-0.010468,-0.010522,-0.027428,-0.028465,-0.013216,-0.01314,0.004041,-0.006375
2014-02-28,0.026581,0.025852,0.025877,0.025773,0.026013,0.025987,0.046895,0.047684,0.027699,0.027699,0.042832,0.042795,0.02861,0.028666,0.029357,0.036056
2014-03-31,0.003064,0.002435,0.00613,0.006079,0.005774,0.005874,0.004646,0.002611,0.002337,0.001942,0.004721,0.005967,0.002753,0.002704,0.007887,0.003169
2014-04-30,0.0112,0.011025,0.010465,0.0082,0.009079,0.007887,-0.003586,-0.005009,0.003768,0.004065,0.016755,0.016798,0.012157,0.012149,0.012552,0.010083
2014-05-30,0.017376,0.017597,0.02148,0.021369,0.021042,0.020998,0.016708,0.016341,0.017579,0.01754,0.018844,0.018136,0.019306,0.018352,0.025715,0.015087
2014-06-30,0.010594,0.010006,0.008319,0.007715,0.009183,0.00841,0.026567,0.027595,0.013297,0.012786,0.006829,0.00855,0.006283,0.007369,0.011379,0.017387
2014-07-31,-0.011821,-0.012074,-0.015686,-0.014085,-0.016255,-0.016252,-0.03158,-0.033246,-0.021862,-0.021922,-0.019544,-0.020584,-0.016529,-0.015163,-0.005417,-0.015399
2014-08-29,0.03018,0.030656,0.042326,0.042271,0.041454,0.041454,0.037413,0.037266,0.032734,0.033987,0.033496,0.033375,0.029978,0.03088,0.042563,0.028412
2014-09-30,-0.026878,-0.025462,-0.018084,-0.016239,-0.018028,-0.018028,-0.035044,-0.035345,-0.025752,-0.02575,-0.021219,-0.021219,-0.017737,-0.017968,-0.016731,-0.035442
2014-10-31,0.023478,0.024789,0.029086,0.029089,0.031555,0.031555,0.036407,0.037492,0.038028,0.038028,0.024796,0.024796,0.025156,0.025156,0.025401,0.026096
2014-11-28,0.017135,0.018619,0.030892,0.031663,0.031639,0.031016,0.017862,0.016505,0.017205,0.017205,0.024566,0.024566,0.024846,0.024846,0.028351,0.013579
2014-12-31,-0.0055,-0.001591,-0.008288,-0.006714,-0.005693,-0.003397,-0.010035,-0.004175,-0.009734,-0.013484,-0.025677,-0.022396,-0.020478,-0.025073,0.008775,-0.005213
2015-01-30,0.030538,0.031171,0.007218,0.007669,0.004217,0.004217,-0.018639,-0.018823,-0.022831,-0.022831,-0.016732,-0.015039,-0.015976,-0.015219,0.021469,0.026121
2015-02-27,0.002515,-0.002203,0.01639,0.016331,0.018652,0.022841,0.054878,0.054761,0.047418,0.047418,0.052428,0.051646,0.048157,0.053561,0.009109,0.006807
2015-03-31,-0.001919,-0.001609,-0.005289,-0.00549,-0.005294,-0.004939,-0.005928,-0.006025,-0.005279,-0.005112,-0.014022,-0.014671,-0.013218,-0.014576,-0.00511,-0.002992
2015-04-30,-0.005953,-0.007326,-0.012569,-0.01261,-0.012759,-0.012753,0.001406,0.00094,-0.002927,-0.002912,0.005895,0.005832,-0.001145,-0.001287,-0.007813,-0.003116
2015-05-29,-0.003602,-0.003948,0.00237,0.001435,0.002331,0.002331,0.011354,0.011688,0.009024,0.009054,0.007492,0.00972,0.00672,0.00672,-0.001797,-0.0032
2015-06-30,-0.02212,-0.022577,-0.02023,-0.02031,-0.019459,-0.019459,-0.012963,-0.013052,-0.010791,-0.010897,-0.01837,-0.017636,-0.016611,-0.016611,-0.028492,-0.022916
2015-07-31,0.010907,0.014164,0.020613,0.020613,0.019105,0.019105,0.016892,0.01507,0.011609,0.011609,0.021695,0.022949,0.016237,0.016237,0.031727,0.008604
2015-08-31,-0.0346,-0.031787,-0.053591,-0.053591,-0.050295,-0.050295,-0.063892,-0.063887,-0.063899,-0.063899,-0.063359,-0.063871,-0.063709,-0.063709,-0.039338,-0.038684
2015-09-30,-0.006696,-0.003019,-0.015875,-0.015875,-0.010438,-0.010438,-0.028809,-0.029879,-0.019133,-0.019133,-0.025836,-0.024761,-0.016877,-0.016877,-0.007469,-0.008691
2015-10-30,0.033741,0.033624,0.053983,0.053983,0.037207,0.037207,0.068188,0.068103,0.041129,0.041129,0.069766,0.069815,0.043075,0.043075,0.049378,0.04036
2015-11-30,-0.008707,-0.008755,0.001226,0.000778,0.001054,0.001054,0.006834,0.007539,0.004357,0.002731,0.000905,0.001967,0.001339,0.001339,-0.001318,-0.009428
2015-12-31,-0.018272,-0.015921,-0.015777,-0.016927,-0.020524,-0.022421,-0.027513,-0.023729,-0.023939,-0.02527,-0.017551,-0.01242,-0.017868,-0.017325,-0.021506,-0.018102
2016-01-29,-0.004489,-0.006668,-0.010808,-0.010808,-0.006695,-0.006695,-0.051882,-0.050242,-0.023485,-0.023485,-0.037047,-0.03705,-0.015692,-0.015743,-0.007587,-0.012585
2016-02-29,0.014704,0.014708,0.008548,0.008548,0.009566,0.009566,-0.005648,-0.005721,0.010997,0.010997,-0.008797,-0.008797,0.008281,0.008281,0.011796,0.012004
2016-03-31,0.042676,0.041842,0.037335,0.03809,0.031542,0.031793,0.071007,0.070941,0.040044,0.039819,0.061297,0.060639,0.038426,0.038426,0.039971,0.052075
2016-04-29,0.007298,0.007155,-0.005114,-0.005218,-0.00239,-0.002352,0.007636,0.007747,0.006603,0.006513,0.002411,0.002425,0.004195,0.004195,-0.000613,0.006649
2016-05-31,-0.00284,-0.003482,0.01008,0.010003,0.005429,0.006087,0.011829,0.012274,0.005595,0.003885,0.008721,0.008712,0.004378,0.003008,0.013423,-0.00286
2016-06-30,0.038095,0.036908,0.040866,0.040966,0.034268,0.034234,0.008008,0.007027,0.024087,0.022425,0.015995,0.013294,0.024482,0.024446,0.029818,0.036823
2016-07-29,0.023017,0.024053,0.014093,0.014093,0.012781,0.012545,0.037901,0.038304,0.01886,0.018807,0.022208,0.02213,0.015567,0.015477,0.030261,0.027927
2016-08-31,-0.006119,-0.006157,-0.005068,-0.005068,-0.004858,-0.004857,0.005843,0.006241,-0.002467,-0.001997,-0.001729,-0.000645,-0.00317,-0.003012,-0.003342,-0.006146
2016-09-30,-0.000561,2e-05,-0.006981,-0.006882,-0.005847,-0.005847,0.004512,0.004301,0.001034,0.001322,-0.001317,-0.001712,-0.000519,-0.000343,-0.006004,0.000646
2016-10-31,-0.024418,-0.024783,-0.02189,-0.023453,-0.020425,-0.020425,-0.024315,-0.024405,-0.019782,-0.018164,-0.016929,-0.016144,-0.017145,-0.016012,-0.027932,-0.026245
2016-11-30,-0.026789,-0.024254,-0.030386,-0.030517,-0.027208,-0.027208,0.031771,0.031316,-0.011877,-0.011973,-0.006726,-0.005103,-0.021257,-0.019158,-0.010765,-0.02131
2016-12-30,0.005235,0.011428,-0.000725,-0.001884,0.002177,0.001828,0.013942,0.015235,0.006597,0.009635,0.01507,0.017526,0.006383,0.009236,0.00272,0.007879
2017-01-31,0.016611,0.017587,0.01029,0.01029,0.007666,0.008071,0.018293,0.018568,0.008842,0.00872,0.028061,0.027071,0.010332,0.010191,0.013982,0.020106
2017-02-28,0.022055,0.022885,0.033494,0.033494,0.024633,0.024641,0.027868,0.028519,0.019827,0.019297,0.029768,0.030047,0.021938,0.020993,0.029909,0.023867
2017-03-31,0.002177,0.002132,-0.002006,-0.001917,-0.001303,-0.001084,0.007486,0.007734,0.002949,0.001919,0.012651,0.012923,0.004827,0.004745,-0.001882,0.002913
2017-04-28,0.013173,0.013085,0.011167,0.011183,0.011047,0.011169,0.013072,0.013524,0.012673,0.012627,0.01416,0.014157,0.012901,0.012901,0.012245,0.013193
2017-05-31,0.011938,0.011545,0.014156,0.014156,0.011313,0.011247,0.008659,0.011038,0.010534,0.011249,0.018713,0.018713,0.014391,0.015531,0.016016,0.011669
2017-06-30,0.002516,0.002885,-0.00285,-0.001057,-0.00049,0.000685,0.011862,0.009625,0.004138,0.003857,0.000275,0.001884,0.000972,0.000383,0.00699,0.003808
2017-07-31,0.01335,0.014674,0.009174,0.009111,0.008541,0.009052,0.018393,0.018749,0.010894,0.01144,0.019612,0.01968,0.011686,0.012358,0.009699,0.016096
2017-08-31,0.009726,0.010103,0.000677,0.000677,0.003573,0.003526,-0.002805,-0.002461,0.003153,0.003845,-0.002573,-0.002503,0.00308,0.003023,0.015372,0.009706
2017-09-29,0.001812,0.001911,0.004682,0.004682,0.003577,0.004763,0.031279,0.031167,0.009745,0.009715,0.017772,0.017772,0.00731,0.009056,0.002784,0.002608
2017-10-31,0.003585,0.004976,0.003174,0.003174,0.00189,0.001896,0.01423,0.014544,0.005345,0.005345,0.012505,0.012505,0.004421,0.004466,0.013963,0.004522
2017-11-30,0.013734,0.013942,0.020612,0.020612,0.014789,0.014789,0.02646,0.026352,0.016846,0.016599,0.027088,0.027088,0.017105,0.017105,0.021301,0.015222
2017-12-29,0.007386,0.01304,-0.000624,-0.001339,0.001797,0.002055,0.003075,0.004964,-0.00078,0.003397,-0.004189,-0.004373,-0.003101,-0.00184,0.010333,0.009268
2018-01-31,0.011153,0.015596,0.02516,0.025146,0.012305,0.010831,0.04408,0.04368,0.016122,0.016839,0.045528,0.044599,0.017332,0.016979,0.02079,0.015487
2018-02-28,-0.036976,-0.038579,-0.048086,-0.048086,-0.032615,-0.032686,-0.043729,-0.043078,-0.034775,-0.034764,-0.046524,-0.04649,-0.034968,-0.033571,-0.034022,-0.041837
2018-03-30,0.006991,0.004263,-0.007418,-0.007418,-0.001298,-0.001298,-0.007342,-0.008671,0.001311,0.001311,-0.011615,-0.011685,-0.00022,-0.000118,-0.005011,0.006347
2018-04-30,-0.009223,-0.009509,-0.003296,-0.003296,-0.005371,-0.00528,0.003857,0.003355,-0.003089,-0.004098,-0.00016,-0.002023,-0.00346,-0.004853,-0.005278,-0.009016
2018-05-31,0.01122,0.009014,0.029295,0.029295,0.018749,0.017944,0.022514,0.024194,0.01707,0.018145,0.019588,0.019507,0.016692,0.016002,0.02259,0.008494
2018-06-29,0.000356,-0.000853,0.000553,0.000553,0.000147,-0.00039,-0.000148,0.002624,0.00091,0.000877,-0.000552,-0.000552,0.000597,0.000686,0.006032,0.00055
2018-07-31,0.009913,0.013469,0.014049,0.014049,0.010692,0.010624,0.029084,0.028774,0.014739,0.01442,0.029729,0.029729,0.015003,0.013777,0.01648,0.013413
2018-08-31,0.006373,0.006528,0.022612,0.022612,0.016488,0.016488,0.01982,0.019739,0.014816,0.013902,0.021586,0.021586,0.01518,0.014404,0.024375,0.004657
2018-09-28,-0.008309,-0.007317,-0.009331,-0.009331,-0.008315,-0.008315,-0.004041,-0.00433,-0.005024,-0.005059,-0.003397,-0.003397,-0.005162,-0.005226,-0.007899,-0.007912
2018-10-31,-0.037883,-0.039973,-0.065648,-0.065648,-0.052331,-0.052331,-0.08102,-0.082959,-0.071356,-0.071356,-0.077394,-0.076785,-0.06656,-0.06656,-0.053201,-0.03889
2018-11-30,0.015631,0.016867,0.017881,0.017881,0.013503,0.013503,0.019993,0.020001,0.011137,0.011137,0.021023,0.021063,0.011363,0.011363,0.018258,0.018983
2018-12-31,-0.03219,-0.029123,-0.071069,-0.071069,-0.042451,-0.042451,-0.102027,-0.101017,-0.048695,-0.050041,-0.085277,-0.087947,-0.049064,-0.045028,-0.035745,-0.037784
2019-01-31,0.050378,0.05474,0.067566,0.067566,0.042361,0.042361,0.093607,0.093756,0.046108,0.046146,0.082299,0.083454,0.04577,0.045882,0.049477,0.060526
2019-02-28,0.006424,0.009206,0.019824,0.019824,0.012096,0.010275,0.033939,0.033914,0.017018,0.013686,0.028431,0.028393,0.016081,0.013311,0.013909,0.009152
2019-03-29,0.020158,0.019125,0.004405,0.004405,0.015033,0.015736,0.003309,0.003046,0.014821,0.014635,0.009245,0.009158,0.016346,0.017996,0.033124,0.019346
2019-04-30,0.010059,0.012909,0.029772,0.029772,0.015339,0.015292,0.034918,0.034917,0.019,0.01991,0.033142,0.033132,0.018345,0.018273,0.016529,0.012699
2019-05-31,-0.008034,-0.015994,-0.060866,-0.057407,-0.01725,-0.01725,-0.066564,-0.066904,-0.028244,-0.028343,-0.059844,-0.06033,-0.023441,-0.022845,-0.010934,-0.016815
2019-06-28,0.043895,0.045102,0.049148,0.049262,0.04251,0.04251,0.066829,0.066847,0.046328,0.046328,0.0597,0.059611,0.046699,0.046596,0.045485,0.046207
2019-07-31,0.002402,0.002277,0.003638,0.003638,0.00548,0.00548,0.006263,0.005965,0.004717,0.004717,0.003883,0.002817,0.004696,0.004696,0.01007,0.00217
2019-08-30,0.031393,0.03166,0.006246,0.006246,0.021857,0.021642,-0.026248,-0.027969,0.016099,0.015646,-0.002029,-0.002168,0.023041,0.021797,0.034144,0.020393
2019-09-30,-0.000298,-0.002194,-0.001823,-0.001823,-0.003099,-0.000973,0.020311,0.020619,0.001665,0.001672,0.008229,0.008229,0.001358,0.001303,0.000896,0.00446
2019-10-31,0.012637,0.011598,0.008349,0.008349,0.009274,0.009271,0.024121,0.024624,0.013038,0.012931,0.019274,0.019274,0.012445,0.012445,0.008788,0.015266
2019-11-29,0.003045,0.00225,0.011175,0.011175,0.010305,0.010305,0.028949,0.030941,0.012379,0.010539,0.011566,0.011566,0.007948,0.007948,0.020074,0.004945
2019-12-31,0.001268,0.003178,0.006474,0.005792,-0.002802,-0.002076,0.020601,0.023737,0.001023,0.003477,0.00912,0.007534,0.001227,-0.002058,-0.006986,0.012524
2020-01-31,0.018222,0.017041,0.028684,0.028684,0.026076,0.026076,-0.017602,-0.018344,0.012917,0.012428,0.020118,0.020118,0.021243,0.020145,0.030492,0.007511
2020-02-28,-0.018437,-0.018582,-0.012199,-0.012199,-0.009317,-0.012397,-0.075798,-0.078346,-0.028053,-0.026209,-0.023316,-0.02749,-0.017201,-0.02054,-0.021029,-0.033531
2020-03-31,-0.054912,-0.053977,-0.026916,-0.026916,-0.027202,-0.027328,-0.134113,-0.134219,-0.045636,-0.045705,-0.025511,-0.025647,-0.030733,-0.030834,-0.049484,-0.085244
2020-04-30,0.051721,0.054516,0.044937,0.044937,0.045978,0.045978,0.057062,0.057062,0.045906,0.045906,0.045839,0.045839,0.044819,0.044819,0.080963,0.069144
2020-05-29,0.017331,0.017209,0.010757,0.011105,0.012811,0.014188,0.028439,0.025686,0.018813,0.019637,0.010845,0.010642,0.012562,0.013462,0.021487,0.026742
2020-06-30,0.015979,0.016798,0.01082,0.010313,0.011082,0.011059,0.016977,0.015598,0.012779,0.012729,0.008394,0.007538,0.008699,0.008967,0.011956,0.022747
2020-07-31,0.043698,0.044724,0.05121,0.051128,0.049307,0.049296,0.04081,0.040673,0.035519,0.035519,0.050057,0.050649,0.047837,0.046748,0.053069,0.048729
2020-08-31,0.002904,0.004037,-0.002042,-0.000938,0.000215,0.000215,0.027118,0.01828,0.008687,0.008687,0.004502,0.00443,0.00424,0.005805,0.021685,0.016959
2020-09-30,-0.011342,-0.012919,-0.016037,-0.015954,-0.014631,-0.014989,-0.019416,-0.019644,-0.011424,-0.010588,-0.014032,-0.013635,-0.012351,-0.012442,-0.019428,-0.017943
2020-10-30,-0.016759,-0.016006,-0.020549,-0.020632,-0.019557,-0.019518,-0.0153,-0.014672,-0.019993,-0.018422,-0.022772,-0.022531,-0.022059,-0.021481,-0.028522,-0.014116
2020-11-30,0.045429,0.047722,0.016958,0.023147,0.02011,0.023346,0.074692,0.081363,0.043718,0.043716,0.037172,0.037187,0.036478,0.033332,0.071917,0.069873
2020-12-31,0.012567,0.007265,0.001396,0.003762,-0.001877,-0.001021,0.016244,0.010809,0.005758,0.004454,-0.003109,-0.000658,0.000181,0.004692,0.002098,0.02521
2021-01-29,-0.015326,-0.014816,-0.020581,-0.021377,-0.020083,-0.020083,-0.009211,-0.005855,-0.016745,-0.014707,-0.020268,-0.020328,-0.019967,-0.019967,-0.020668,-0.008535
2021-02-26,-0.017347,-0.016641,-0.023147,-0.023145,-0.021293,-0.021293,0.002581,0.002445,-0.016036,-0.014451,-0.015693,-0.015693,-0.018384,-0.018384,-0.006261,-0.002437
2021-03-31,-0.00254,-0.002309,-0.009778,-0.012703,-0.00676,-0.009141,0.017492,0.014844,0.00103,-0.002072,-0.011578,-0.012886,-0.008232,-0.008993,0.006217,0.011087
2021-04-30,0.024318,0.02448,0.025682,0.025608,0.020624,0.020646,0.025112,0.02491,0.018639,0.018568,0.02735,0.027296,0.021462,0.02314,0.041678,0.029019
2021-05-31,0.01535,0.016392,0.012274,0.012274,0.012986,0.013048,0.012756,0.013034,0.012343,0.012798,0.012279,0.011457,0.013541,0.013337,0.003935,0.017346
2021-06-30,0.008077,0.005779,0.000711,0.000711,0.002441,0.002388,0.009729,0.007657,0.006736,0.006444,0.014551,0.014446,0.00879,0.00879,0.03113,0.006567
2021-07-30,0.015681,0.014667,0.023219,0.023219,0.021304,0.021899,0.006917,0.006732,0.013953,0.015687,0.023434,0.023219,0.020738,0.019906,0.029504,0.009406
2021-08-31,0.004939,0.005591,0.00516,0.005377,0.003812,0.003806,0.013111,0.012999,0.003983,0.004308,0.009602,0.009545,0.004847,0.004785,0.016489,0.010219
2021-09-30,-0.029224,-0.02977,-0.029775,-0.029373,-0.028313,-0.027675,-0.032631,-0.032498,-0.026861,-0.026933,-0.033385,-0.032984,-0.029162,-0.027647,-0.039606,-0.033741
2021-10-29,0.021009,0.022167,0.02262,0.023341,0.017999,0.019622,0.032392,0.032971,0.014008,0.01577,0.032623,0.03275,0.017595,0.020527,0.051949,0.030175
2021-11-30,-0.004407,-0.005551,0.004716,0.004684,0.003441,0.003501,-0.016782,-0.014371,-0.006083,-0.006073,-0.001428,-0.001485,-0.001129,-0.000581,0.006244,-0.014176
2021-12-31,0.013429,0.022624,0.003173,0.001453,0.001296,0.002622,0.032277,0.031123,0.009446,0.011637,0.010493,0.009373,0.006781,0.01289,0.010601,0.024923
2022-01-31,-0.034095,-0.034855,-0.036235,-0.036261,-0.034676,-0.034625,-0.046776,-0.044754,-0.034157,-0.034157,-0.042281,-0.041097,-0.035034,-0.035072,-0.04733,-0.039691
2022-02-28,-0.009914,-0.008389,-0.011181,-0.011181,-0.009281,-0.009281,-0.015981,-0.015847,-0.01338,-0.01338,-0.01764,-0.017666,-0.011868,-0.011868,-0.024249,-0.012529
2022-03-31,-0.014648,-0.011327,-0.003041,-0.003041,-0.010239,-0.009823,0.004628,0.006163,-0.018813,-0.016228,0.008714,0.00579,-0.014499,-0.011967,0.00077,-0.001048
2022-04-29,-0.05448,-0.052176,-0.049152,-0.049152,-0.043824,-0.043848,-0.06417,-0.059365,-0.050739,-0.05321,-0.050156,-0.051244,-0.04561,-0.049816,-0.090397,-0.055783
2022-05-31,-0.008179,-0.009293,-0.02948,-0.02948,-0.016535,-0.016535,-0.002863,-0.00298,-0.002306,-0.002367,-0.013506,-0.013686,-0.004533,-0.004651,-0.007662,-0.008801
2022-06-30,-0.035742,-0.035776,-0.040667,-0.040667,-0.027774,-0.024537,-0.070911,-0.070911,-0.030355,-0.0291,-0.06696,-0.06696,-0.031044,-0.02849,-0.054586,-0.04768
2022-07-29,0.034379,0.034879,0.023973,0.023973,0.028881,0.028834,0.082887,0.074694,0.029605,0.029626,0.071388,0.071388,0.029341,0.029369,0.064939,0.043626
2022-08-31,-0.036925,-0.037781,-0.029418,-0.029418,-0.03185,-0.031639,-0.037025,-0.037223,-0.034661,-0.033734,-0.041451,-0.041451,-0.034487,-0.034487,-0.042723,-0.0372
2022-09-30,-0.072583,-0.072207,-0.075364,-0.072832,-0.062396,-0.062385,-0.099245,-0.098481,-0.067999,-0.068098,-0.099121,-0.099121,-0.068885,-0.066788,-0.08841,-0.082522
2022-10-31,0.0089,0.011236,0.064946,0.060106,0.018625,0.018625,0.084264,0.084279,0.00757,0.00757,0.074502,0.074502,0.007366,0.007431,0.024902,0.025742
2022-11-30,0.069985,0.066644,0.057967,0.057877,0.055311,0.056575,0.044087,0.043709,0.058064,0.060359,0.069344,0.069344,0.061497,0.060418,0.061889,0.074635
2022-12-30,-0.023444,-0.021185,-0.028268,-0.028268,-0.011245,-0.011253,-0.058938,-0.058877,-0.016961,-0.016955,-0.050366,-0.050366,-0.016761,-0.016747,-0.055378,-0.036611
2023-01-31,0.057734,0.056476,0.031279,0.031279,0.026377,0.026377,0.085216,0.084911,0.03633,0.037808,0.090469,0.090469,0.035871,0.036978,0.06829,0.06568
2023-02-28,-0.04043,-0.039844,-0.031735,-0.031735,-0.034963,-0.035293,-0.028695,-0.028329,-0.035034,-0.034527,-0.03481,-0.03481,-0.034209,-0.03459,-0.034494,-0.040745
2023-03-31,0.035507,0.035342,0.035214,0.035214,0.043563,0.043536,-0.008881,-0.008625,0.038959,0.037121,-0.008458,-0.008909,0.036433,0.036995,0.041592,0.02758
2023-04-28,0.009088,0.009894,0.017884,0.017884,0.014756,0.014756,0.001267,0.000541,0.011764,0.011761,0.00604,0.005993,0.010878,0.010806,0.010933,0.008466
2023-05-31,-0.024008,-0.024147,-0.031195,-0.031195,-0.032284,-0.032284,-0.010577,-0.010653,-0.024947,-0.026388,-0.018588,-0.018588,-0.026212,-0.027244,-0.009297,-0.024461
2023-06-30,0.020125,0.020034,0.050257,0.050257,0.013131,0.013131,0.068801,0.067721,0.009085,0.01116,0.061163,0.061163,0.012749,0.017431,0.039731,0.029369
2023-07-31,0.016283,0.016891,0.033669,0.033669,0.018335,0.018307,0.04168,0.04157,0.01036,0.010869,0.041095,0.041498,0.012421,0.012315,0.009434,0.02141
2023-08-31,-0.026829,-0.027635,-0.033021,-0.032525,-0.025003,-0.024284,-0.033761,-0.033865,-0.019747,-0.019815,-0.041407,-0.040643,-0.022625,-0.023024,-0.022347,-0.030993
2023-09-29,-0.047019,-0.047025,-0.051624,-0.051695,-0.043323,-0.043297,-0.056979,-0.056235,-0.039178,-0.04002,-0.047856,-0.047899,-0.040659,-0.040692,-0.060272,-0.048835
2023-10-31,-0.016116,-0.017921,-0.039401,-0.039401,0.000956,-0.002243,-0.043888,-0.043332,-0.011192,-0.013693,-0.042034,-0.041842,-0.012851,-0.01335,-0.034894,-0.022726
2023-11-30,0.067322,0.067792,0.068635,0.068635,0.05169,0.051552,0.09766,0.096703,0.051794,0.051705,0.066807,0.066807,0.049077,0.049071,0.094484,0.075116
2023-12-29,0.050126,0.049141,0.029603,0.029603,0.028412,0.028412,0.080991,0.078511,0.038835,0.040138,0.041361,0.041608,0.034633,0.033032,0.055981,0.051745
2024-01-31,-0.012072,-0.012521,0.00059,0.00059,0.002003,0.002003,-0.027663,-0.027663,-0.002789,-0.002862,0.006312,0.006171,0.000449,0.000449,0.000557,-0.015172
2024-02-29,0.010646,0.010223,0.029768,0.029768,0.012764,0.012764,0.044094,0.044094,-0.003913,-0.003286,0.029896,0.031051,-0.001199,-2.1e-05,0.022284,0.016244
2024-03-29,0.031594,0.029973,0.043682,0.04343,0.050898,0.050898,0.029987,0.029747,0.028819,0.029753,0.033826,0.033335,0.031782,0.030234,0.022717,0.029834
2024-04-30,-0.027316,-0.029156,-0.006812,-0.006814,-0.003555,-0.002358,-0.059965,-0.060098,-0.017509,-0.017608,-0.020269,-0.020321,-0.013286,-0.015516,-0.050025,-0.033264
2024-05-31,0.028954,0.029549,0.031552,0.031104,0.022539,0.022511,0.04874,0.048731,0.019884,0.020188,0.03297,0.03297,0.019783,0.019694,0.041883,0.032599
2024-06-28,0.007581,0.007845,0.013088,0.012873,0.006233,0.005331,0.013852,0.013852,0.004991,0.005106,-0.004327,-0.004327,0.004174,0.004141,0.028426,0.008318
2024-07-31,0.036881,0.037535,0.029611,0.029726,0.032859,0.033256,0.061314,0.060718,0.030536,0.030455,0.02155,0.02155,0.030163,0.030418,0.021777,0.039099
2024-08-30,0.023699,0.022639,0.029668,0.029375,0.029217,0.030433,0.014506,0.014572,0.027645,0.027079,0.041532,0.041532,0.030744,0.029991,0.022453,0.023489
2024-09-30,0.024795,0.024269,0.031002,0.031299,0.028464,0.02871,0.018936,0.018628,0.021742,0.021733,0.013368,0.011826,0.020382,0.021731,0.020599,0.024153
2024-10-31,-0.021474,-0.021692,0.005686,0.007704,0.000899,0.000864,-0.019766,-0.019778,-0.019568,-0.01737,-0.034696,-0.034615,-0.020756,-0.02083,-0.027174,-0.025219
2024-11-29,0.017907,0.019685,0.019011,0.016552,0.009669,0.009669,0.071764,0.071764,0.009039,0.008887,0.026022,0.026022,0.010258,0.01303,0.043706,0.023826
2024-12-31,-0.042137,-0.038557,-0.030803,-0.026194,-0.039529,-0.038291,-0.069724,-0.070116,-0.031451,-0.030513,-0.048513,-0.048719,-0.034439,-0.035492,-0.042814,-0.048468
