date,risk_parity|none|calendar,risk_parity|none|threshold,markowitz|historical_mean|calendar,markowitz|historical_mean|threshold,mean_cvar|historical_mean|calendar,mean_cvar|historical_mean|threshold,markowitz|capm|calendar,markowitz|capm|threshold,mean_cvar|capm|calendar,mean_cvar|capm|threshold,markowitz|ff3f|calendar,markowitz|ff3f|threshold,mean_cvar|ff3f|calendar,mean_cvar|ff3f|threshold,60_40|none|calendar,equal_weight|none|calendar
2010-02-26,1.0164519057414307,1.0164519057414307,1.0153235081162872,1.0153235081162872,1.0137798736530035,1.0137798736530035,1.0054362729746413,1.0054362729746413,1.011351826998926,1.011351826998926,1.002669060632153,1.002669060632153,1.0116843472044939,1.0116843472044939,1.0173471082938679,1.0221596395113342
2010-03-31,1.0374033219701257,1.0379875775731398,1.0126524225077438,1.0126524225077438,1.0162517830286955,1.015456103082582,0.9929462059631232,0.9925164125484071,1.0138909511671064,1.0132789709319177,0.9969189799658755,0.9969475586372826,1.0155658441481035,1.0154371465284167,1.0461364288116486,1.0629112721569525
2010-04-30,1.0609654754788314,1.0616373320404389,1.0443623690450692,1.044957911780288,1.0372272637751496,1.0372263033231954,1.0200240962560214,1.019582582267862,1.0308778040211592,1.0312841512605864,1.0204077405428615,1.0204369925664505,1.0339845291949712,1.0336029690025819,1.0697466891130631,1.087460831795983
2010-05-31,1.0471672589486958,1.045564723105624,1.0658472863096777,1.0650007639579138,1.0473437396223235,1.0469565895321034,1.0521386295128399,1.0516832148573254,1.0342737049118786,1.0394995022807894,0.9981204313691369,0.9981490444825454,1.0359285178281172,1.0384035855167943,1.0406078348606858,1.0480393565117618
2010-06-30,1.0547840549674854,1.0522156727446095,1.097089141131399,1.0962178057236216,1.0736616145511904,1.073264736071648,1.0943241505046593,1.0938504759887318,1.0568345286550829,1.063260752841138,1.0399830039586337,1.040012817146201,1.0576292808730157,1.0601954835105316,1.0324356608930916,1.0379343318821685
2010-07-30,1.0846887841880515,1.0802202159940482,1.0829179318453657,1.0811389997039058,1.0742680942770768,1.074771626613024,1.0830292798245125,1.0826295144828466,1.0714741218949502,1.075397368774987,1.0442202311507915,1.0441093737892206,1.0739479281340043,1.0744561374439976,1.0708372407609148,1.0882618401847122
2010-08-31,1.1025511740866365,1.0972308813164768,1.1250781404564334,1.1232299508505035,1.1073546083071983,1.1126900966345996,1.1462783080778067,1.1459614745378144,1.1016825704285722,1.1082908773770401,1.0320632829101923,1.0319537161644958,1.1004551770422024,1.1038168071293153,1.07787838653246,1.0863092189771677
2010-09-30,1.141778219648838,1.1346272129685973,1.1423175385538853,1.1434303837699487,1.1263505792419224,1.1305521051650256,1.1456562572437126,1.1442192827542632,1.1195021620653312,1.1236042094681886,1.022588488294903,1.0224799274200957,1.1203320626905318,1.1210418401475768,1.124929302917967,1.1475200116235864
2010-10-29,1.1545935233909692,1.1479282124953278,1.1534940524691344,1.1570565068078955,1.1363029861668204,1.1401658310832614,1.1335801830944439,1.1317030534521324,1.1279102809269825,1.1289841479628777,1.038466568259668,1.0383563217231593,1.1284294048907242,1.1291443123544405,1.1306035002075348,1.1723837734369977
2010-11-30,1.1450424632011986,1.13878985933188,1.1518322357553634,1.1562514724475776,1.1293553884440626,1.1331946151065067,1.1266347008425361,1.125079968870348,1.1179170305327464,1.1188388447161843,1.0443680347371163,1.0447756947006035,1.122163663565216,1.1223784742767229,1.1229637044800969,1.160951699331031
2010-12-31,1.1594385506041027,1.155472745151257,1.1458206229712138,1.1502167948984645,1.1258667092283898,1.1288355147265046,1.0992371435456862,1.0993654034419278,1.1148768261417217,1.115796133427553,1.0676189645366914,1.07021591246645,1.1206562673960134,1.1194024202122477,1.151391765522292,1.2002028855427285
2011-01-31,1.1461489303988588,1.1424154641971849,1.1157643011408782,1.1200451559271924,1.108316987076867,1.1113638885056678,1.0929172962582714,1.0930448187495208,1.1044981839737626,1.1041982140953746,1.0678690178588524,1.0685560982267743,1.1123305924494813,1.108427200369349,1.1532977812401684,1.19126382511047
2011-02-28,1.1725153769062662,1.1704943379475512,1.142938277074794,1.1473233903006559,1.1295088020855903,1.1316649920969155,1.122975613198855,1.1231066429193084,1.123850589715561,1.1235453639310238,1.0957096426327142,1.0987456714640995,1.1334380669656667,1.1272098595927618,1.1849481489232505,1.2254005301886015
2011-03-31,1.1779657965752734,1.1765986482684265,1.1498485590989733,1.153447038559361,1.1342700003799553,1.1355353775483177,1.134328702251946,1.1344610566601907,1.1274428106209418,1.127891389542999,1.1053639147159255,1.1084266939264718,1.1384143014950825,1.1321587498662462,1.1851721855660304,1.2339830896845423
2011-04-29,1.2214861253025666,1.2217606289152336,1.2066057635876044,1.2103818661210177,1.179469658694749,1.1807854600263443,1.1719900834804138,1.1718571273087888,1.1659726447088787,1.1664365536071257,1.1330872194752324,1.136226815343473,1.1731006098253605,1.1685483648027237,1.2168559069880753,1.2841024063635111
2011-05-31,1.2324545805894673,1.2298426566920921,1.2104733640109266,1.2142615702953723,1.1934908009627059,1.1948222441020666,1.1686777271574313,1.1675934670832606,1.1844174166850645,1.1831071134469886,1.1275428222501906,1.1337347474371575,1.1870198889503019,1.183076127335092,1.225328537770596,1.2856760415920618
2011-06-30,1.212530249987707,1.2090020635755252,1.1926297138006625,1.1963620779411388,1.177100393714629,1.1778156638036055,1.1488094933647106,1.1476325562237017,1.1686330444905288,1.1670680255191574,1.1113776156624986,1.1177332780560207,1.1719085337792325,1.1676754488022745,1.2015394002045536,1.262200853796471
2011-07-29,1.236844917333835,1.2322017987081437,1.2358547327478975,1.2462548849731707,1.2104897385474909,1.21294779475666,1.1299400866330296,1.1287824809005262,1.19396948999785,1.192135892252089,1.1045686264640215,1.1108853501242304,1.1944972033471375,1.190779260789168,1.2083350837392146,1.2746985763056247
2011-08-31,1.2576952067612204,1.252651721832078,1.3057266574051216,1.3179197030997543,1.258639411190837,1.261195241547148,1.0559676691369633,1.0548858469752471,1.222533331790177,1.2260026176064363,1.0448701287137039,1.0542801718324022,1.2151980170440468,1.215146335203927,1.2152035766537954,1.2608178717363616
2011-09-30,1.2288293591004287,1.219551512945564,1.2554345792200132,1.2671579909342785,1.2259783147924381,1.2284678225619117,0.9721428408932987,0.971146895941223,1.211107577741097,1.2145444397326377,0.9554665258185944,0.9640714049890748,1.1933087520478782,1.1937447506915462,1.2287801290632774,1.1899587173299133
2011-10-31,1.2804034624285145,1.2677365589333827,1.2815278280457116,1.293494901918093,1.2477166143786191,1.25025026458117,1.0806025935688286,1.0794955333169876,1.2407592949314703,1.2442803020986077,1.0689359947604562,1.0785627737499248,1.2287313006324423,1.2259932552993764,1.290429662552075,1.2781586983531328
2011-11-30,1.280797419569492,1.2692064965993162,1.2800610675944624,1.2920144446665955,1.248480663724973,1.251015865428689,1.076687081548087,1.075584032676331,1.2427556217496907,1.2462822940616016,1.0641782887192548,1.073762220068846,1.2327691069526725,1.2300220639675201,1.2975505697718854,1.2719310472997527
2011-12-30,1.2853670260383825,1.271991607461464,1.2610684270513906,1.2728444483709318,1.2311899905014323,1.2392522921348033,1.0809116627054538,1.0802748254529444,1.2627446873887855,1.265044319999495,1.0262825708212948,1.0355252154122407,1.240602633164939,1.2364788490764116,1.323564423634658,1.273201929443669
2012-01-31,1.3291905530477572,1.3159441986932106,1.302317950017231,1.3144791647580385,1.2694267974378155,1.277739488266515,1.1393894578748878,1.1350941552594462,1.297790561761601,1.3001540177535398,1.1253351892287673,1.1330715654307526,1.2865148185812567,1.282238421613611,1.3586460098367406,1.3331439034276666
2012-02-29,1.333778149928046,1.3204860768210054,1.3023438424573177,1.3145052989851052,1.2695686060781157,1.2778822255238775,1.1800132015790692,1.177418689758009,1.3130917016592831,1.31548302314188,1.1643151292668887,1.1723194820534084,1.3018427105678507,1.2975153634285745,1.3799156802803225,1.3525829387501143
2012-03-30,1.32375360012019,1.3094512744718265,1.301046086228416,1.313195424139409,1.2744444592788016,1.2827900076709708,1.2049661968987138,1.2033868851578742,1.3198316060028419,1.3222352017828294,1.1777278470154668,1.1858244086224226,1.3096289768267195,1.3052757480070012,1.383164116927335,1.35628970999533
2012-04-30,1.3448654812438114,1.3289028180995577,1.3244392848414308,1.3359688630544713,1.3011499865951084,1.3096704129656265,1.1937039885306604,1.1916970508577667,1.3306877499060457,1.3311443578378426,1.1662527719399836,1.1741471221491582,1.3190382322851826,1.3125353936352762,1.4043702791448254,1.3635705686303925
2012-05-31,1.3463318246008773,1.328843275314916,1.336977382879555,1.3473565436003554,1.3100619585850746,1.318640743947207,1.1151893664605117,1.1157263950057192,1.322983894413362,1.3138452163593421,1.0838760156599356,1.0912127586515181,1.3070578691789385,1.2896404029194117,1.4044657597109345,1.3174860511590056
2012-06-29,1.3678752564207652,1.3478332267085464,1.3563606600236797,1.3668902961013194,1.3310748626530466,1.3397912485253327,1.169687970735489,1.1702512435285795,1.344835930245778,1.3355463064991153,1.134624359606177,1.1423046174937461,1.329508829465657,1.311792188355109,1.4292345765498728,1.3589595635605543
2012-07-31,1.3955241323546241,1.3749907892449742,1.3884343988633876,1.3992130283006734,1.3649033410252522,1.373841248676093,1.1742092166714282,1.1745887840706548,1.3667156035900798,1.3578683196938275,1.1439970548268052,1.1517407563693485,1.351202948418805,1.3335288515240007,1.461202040435583,1.3776194898071614
2012-08-31,1.402360438668211,1.3819869107762235,1.3853938786581776,1.3962708433966302,1.360247673964034,1.368865832661142,1.2019859071579915,1.2019993758681804,1.3741289833220809,1.3667062557432077,1.1583351183393997,1.1661758740518562,1.357959547522065,1.3401970724991858,1.475457715297299,1.3949874284620378
2012-09-28,1.4118813159287953,1.3907726367228066,1.3863555144524107,1.393650554607647,1.3582444510142295,1.366849917836455,1.2330226365546242,1.2331355381072069,1.3862623693031122,1.3793288017418734,1.1959644062611687,1.2040598741459119,1.3726289094378816,1.3546745552275063,1.4829519855053526,1.4180204926783062
2012-10-31,1.4043058712154008,1.3824524484812448,1.3758379213982583,1.3830776176948187,1.347676278255076,1.3562147880137312,1.2175022832463254,1.2176079527649382,1.3780420552856036,1.37114960267048,1.1898024810443206,1.1978562389354888,1.365762772677683,1.3467359481452341,1.4638890292051472,1.4067556445412128
2012-11-30,1.415128942910913,1.3928308851283941,1.386118964289333,1.3934127597112234,1.3577126775079391,1.3663147751580969,1.230127474450793,1.2309806798571379,1.387309295912255,1.3804227395008264,1.205023830740023,1.2131806217540657,1.376490819687152,1.3573145397206345,1.4756474476296142,1.4179722454275956
2012-12-31,1.4137885180948397,1.389727050797294,1.379346743749987,1.386763774104538,1.3514134011019425,1.3600396260420546,1.2594374772806594,1.259320727180897,1.3843550860143956,1.3774831942009573,1.2302957028285861,1.2386235588240022,1.374432888878858,1.3556418201457219,1.468874385005703,1.433793502791249
2013-01-31,1.4190395478662103,1.3951962963933335,1.3888229399360739,1.39629092574115,1.3622544034744497,1.370949827761679,1.3235567870538847,1.3214278940571793,1.3991683147669765,1.3969630582257049,1.2674752063609989,1.2760547299438796,1.3895613169696148,1.3705634143238317,1.4952740611950863,1.4594492455560306
2013-02-28,1.428764790734212,1.4035965583097791,1.407260489908016,1.4143835030492504,1.3807467211878153,1.3895601840353617,1.3369698476786935,1.3322168766297602,1.41719440504311,1.416429894004894,1.2777429229485455,1.286391948574672,1.4062371460382745,1.3866537466081845,1.5141295413660736,1.4617744321017159
2013-03-29,1.4453555132158231,1.4208147062139416,1.4316385694913536,1.437479140394144,1.4055920777616384,1.415255624759271,1.3862134302285836,1.3788103780792214,1.4432276741434285,1.4446593157149374,1.3100632456392416,1.3207847473666097,1.4310224606581938,1.4108712695458292,1.546085397845725,1.4870781677960982
2013-04-30,1.4769724563475384,1.4506493588331846,1.4658402703571838,1.4694798236058506,1.4409494909405678,1.4532954184331988,1.4151328688618465,1.4075885184416181,1.473415652474801,1.4748772396782523,1.3363980086240188,1.3473350329284617,1.4627406134718595,1.4374274795198534,1.5928807463679635,1.5142980652844347
2013-05-31,1.4267983724596813,1.4019825439865623,1.425722907199269,1.4308693245356308,1.3958318170145285,1.4092697166107586,1.4268183649294808,1.4168199960319101,1.4477046265488775,1.450051414160722,1.3017225748981882,1.312375816931946,1.4249936998721735,1.4003337867793022,1.5723676677765197,1.4704014865606017
2013-06-28,1.3843827903216523,1.3602792007781705,1.3975626054905115,1.4026073728749933,1.368853902764556,1.3820320815988807,1.4079060386156734,1.3980401970389198,1.4188041374197116,1.4211040761725962,1.275331067467361,1.2857683225299175,1.3912655285952926,1.367189290905719,1.5392036935087756,1.4224897985370324
2013-07-31,1.4106589575093815,1.3849509066885193,1.4310949179037304,1.4362607265319633,1.4008683201227876,1.4143547069524078,1.486144832793616,1.4765318813868484,1.4618741098448234,1.460004113948537,1.3229890598173977,1.3338163458567063,1.4280959345157638,1.403382336387856,1.5730258175275635,1.4656094995759763
2013-08-30,1.3827471163625882,1.3588489508778472,1.3917945436743504,1.3964231803107832,1.361170272328295,1.3742744796045292,1.4387471907707778,1.428666903337394,1.4260102384711055,1.4241861188180893,1.2833234978135841,1.2946296609784043,1.3937150747539448,1.3707174050422246,1.5362850282042844,1.4352196239863553
2013-09-30,1.4132517954898531,1.387105374791283,1.4247358520207216,1.4271314788883265,1.3939771606506957,1.4045522177256615,1.5099508715146392,1.4984166324215906,1.4677570109708549,1.4658794898021184,1.3256116029317337,1.3372903270425753,1.430147020534411,1.4065481878797108,1.5694607665259324,1.4753975483364439
2013-10-31,1.449415687118108,1.421318325801455,1.4732086597578602,1.4766423685970342,1.4389057317476555,1.449821628125487,1.5684420969778212,1.5554655776874629,1.508430004269242,1.5065004551385588,1.3791218068716753,1.3914974404940879,1.4732968977673422,1.4485644006310925,1.622046763550975,1.5183058444912405
2013-11-29,1.4409897697873972,1.4137601928868186,1.484942295071872,1.4878473839483595,1.450323855851323,1.461326372955443,1.6032924344505768,1.5939678948844156,1.5268706012231137,1.5248075017600549,1.3928526908550152,1.4067755285870926,1.486658193004423,1.4631773043792595,1.633352278122526,1.5096285746637301
2013-12-31,1.4357781979645776,1.4087514806083539,1.4900283129796934,1.4921627370198083,1.4553737121588017,1.4664145387275094,1.633533846463593,1.6253829210962623,1.536607146880338,1.5334165100476946,1.4126364173346215,1.4267570115238748,1.4965331389627763,1.4728962813951092,1.6465453699695347,1.5090780832704154
2014-01-31,1.4435683535514476,1.4165871805092327,1.4824717454598062,1.4815511951225946,1.448989962149496,1.4562136900922507,1.5746592438903528,1.5686309903297786,1.5207661236785652,1.5176083794119866,1.3739661174165128,1.3861442707314977,1.4769369027894832,1.4535429813211143,1.6532336404194652,1.4994821056588756
2014-02-28,1.4819908489819096,1.4532092058968618,1.5211714029172,1.5202268217795152,1.487097298691932,1.4945110051983732,1.6486195782671003,1.6434303143429583,1.5631780284881995,1.5599322194316692,1.4333648241947439,1.4460694581475608,1.5197270215723113,1.4956553266144066,1.701848105321322,1.5536172082672572
2014-03-31,1.486569527659963,1.4567483804070886,1.5305405032586035,1.5294684958384173,1.4957379353251024,1.503289361017028,1.6562935615152947,1.6477220383442874,1.5669275750907867,1.5629618506557337,1.440289998670346,1.454698329238465,1.5240330552676802,1.4996998295556399,1.7153021613033625,1.5585683583123442
2014-04-30,1.5033114585527019,1.4728085670903397,1.5467145544626686,1.542010443721476,1.5093901652844626,1.5151453286070886,1.650424968728345,1.639468945133164,1.5730610694946043,1.569316024522996,1.4649705117687044,1.479625740525133,1.542911233498345,1.5182765924263615,1.736833276244909,1.574304581072301
2014-05-30,1.5294585704627506,1.4987252869867567,1.5800757416760436,1.5752701676631333,1.5413903113335388,1.547267488215744,1.678044126251608,1.6662588186170737,1.6008672094237535,1.5970559653410357,1.492738334429283,1.5064606062017891,1.5728980973201199,1.5461402613124917,1.7815078093512333,1.5980757613425616
2014-06-30,1.5457635780563572,1.5137210321849581,1.593316502610616,1.587424013128301,1.5556476052277821,1.5602806490130923,1.7226603128311582,1.7122387286587983,1.6222860222871187,1.6174751576575688,1.5030194009904878,1.5193406524135753,1.5828758423175286,1.5575334241692236,1.801784283162254,1.6258783458338657
2014-07-31,1.5275269898015775,1.4954437942122456,1.568557411837385,1.565065265967828,1.53078180291501,1.535340791142696,1.6682942445601527,1.6553138166480115,1.5870998024280076,1.5823932820005542,1.4738508390006506,1.4880669457703264,1.5568888847962086,1.5339162723148068,1.7920439067441307,1.6008706572426312
2014-08-29,1.5736512129871167,1.54128796180615,1.635272923797465,1.6316322463550317,1.594732357579744,1.599481803928447,1.7307596530944314,1.7172932031660146,1.6393192439627355,1.6361743265071382,1.5233936035502638,1.5380875776942118,1.6039087928405449,1.5812828784082062,1.8683368370559397,1.6463862411545611
2014-09-30,1.5314272957991897,1.5020439299276165,1.6059211632829127,1.6051361369688733,1.566289263879708,1.5709540007491825,1.6701934992544591,1.6565957154177426,1.5976390129171163,1.5945740560223747,1.491343380544807,1.5057282125556566,1.576204958530914,1.5539698547153231,1.8370849753349738,1.5880566404274858
2014-10-31,1.5675505688873241,1.5392786888348633,1.653158204539727,1.652350087228924,1.6161331299487567,1.6209463122715273,1.7311209370484288,1.718704022588683,1.6592474476570958,1.6560642993590997,1.5285073305590526,1.5432506294292376,1.6163735797637115,1.5935718278999678,1.8837556033866947,1.6295391918552773
2014-11-28,1.5945314115754474,1.5679385138114919,1.7043288637420584,1.7046684805084182,1.6673561809564212,1.671221067100227,1.762280032799171,1.7470704749893846,1.6882213637450618,1.6849826310483602,1.5664174012989793,1.5815263637757,1.6569898606345592,1.633615145707301,1.9371655325961994,1.6517073213045579
2014-12-31,1.5993903546576702,1.5727164215652862,1.7127439104873445,1.7130852040961408,1.6769009379022703,1.680787948532306,1.7620378454312353,1.7485943770431143,1.6943055870066093,1.6910551821600142,1.5452246923871689,1.5609807772509792,1.63937848085495,1.612187297178702,1.9594109016793044,1.6522454550233805
2015-01-30,1.6482638843058597,1.6217399682799107,1.72540817501451,1.7262220771551657,1.6842221601902156,1.6881261412138,1.7292572270756092,1.7156805490032303,1.6559820319936729,1.652805148163539,1.5195758370504926,1.5375053904062639,1.6133336182071574,1.5876506480672758,2.001509893881929,1.695434849087933
2015-02-27,1.6525432114844647,1.618166600777881,1.7538479780018943,1.7546752956443812,1.7158350743177984,1.7266854455662033,1.8243143413540623,1.8099913545088524,1.7350867069992781,1.7317580664724785,1.599420151307554,1.6169111243506165,1.6914102260102046,1.6726873210590174,2.0198620394374758,1.707043516093931
2015-03-31,1.6494254734916043,1.6155621728860827,1.744725529221845,1.7450412740260492,1.706900473489398,1.7181565341985727,1.8135237269988123,1.799086977127271,1.725994326750345,1.7229056881485347,1.5770498615707853,1.5931892805283052,1.6691303254946535,1.6483066280439962,2.009653189157543,1.7020143296289065
2015-04-30,1.6396186338669094,1.6037259352635331,1.7231529579497025,1.7234647987431162,1.6856755164697672,1.696791610374507,1.8161425490277223,1.8007782622725408,1.7216401162657509,1.7185592694523462,1.5865933339193599,1.6028304201113133,1.6680092900062822,1.6471995783442026,1.9939766194003206,1.6967357950049853
2015-05-29,1.6337311089999167,1.5973937842971395,1.7275092708394302,1.725937520814697,1.6899243950177487,1.7010685079169319,1.8368171650393885,1.8218261351292333,1.737417474639319,1.7341193222337443,1.5986192659912197,1.6184096253371385,1.6795857744567202,1.6586316371580945,1.9904353418063756,1.691348716274138
2015-06-30,1.5977146526713153,1.5613293643808963,1.6930987913471212,1.6915583492134112,1.657653295242633,1.6685845981602958,1.8130998737295363,1.7980471783585676,1.7194521817230286,1.716188132965491,1.569370979632095,1.5898676585784939,1.6524138981918728,1.6317987511577359,1.933757301578338,1.652612535582109
2015-07-31,1.615218956446282,1.5834445513818691,1.7283301289660853,1.726757632095125,1.6896717882932892,1.7008142353914077,1.843788974238437,1.8251435741514948,1.7397237027415933,1.7364211724062035,1.603614721302916,1.6263538164938598,1.679503819785346,1.6585507049349109,1.995129674005434,1.666851225214404
2015-08-31,1.5593820757104593,1.5331112978993553,1.6359897061509978,1.6345012239156134,1.604958457146648,1.6155422668707236,1.7260510378575562,1.7085401318159714,1.6290313032980206,1.625938901160852,1.5021103722557128,1.522476724252166,1.5728845246546554,1.553261568336656,1.9166652080403137,1.6024238358277823
2015-09-30,1.5489710692707974,1.5284832834292812,1.610334449498693,1.6088693093379118,1.5888194430934142,1.5992968249824806,1.6763469084267686,1.6574906407214667,1.5987841282980835,1.5957491445962904,1.4634891975860602,1.48477892392026,1.5472831093924637,1.5279795506179548,1.902401303674226,1.5885551165354583
2015-10-30,1.6013149857666467,1.580134862300143,1.697689103589889,1.6961444850251153,1.6482778142778505,1.6591472911051488,1.7907343970514609,1.770370361491081,1.6650423069867393,1.661881544895687,1.5658531759094636,1.5884382000058732,1.6143873292503061,1.5942465932041134,1.9963808277836377,1.6527116757460452
2015-11-30,1.587463773506588,1.566300711441063,1.6999195288234918,1.6974637122377572,1.6503732544908583,1.6612565495826754,1.803050329475117,1.78371712471219,1.6725076714999358,1.6664193677995975,1.5674420948320147,1.5915620746244774,1.616806874404877,1.5966359526532918,1.9938300427989513,1.637174892394794
2015-12-31,1.5713558832281007,1.5499902866162332,1.6830280678304474,1.6805966537704564,1.629087607496074,1.639830535566774,1.7682711759533734,1.7481132541659372,1.6453650630088237,1.6393755645017465,1.54667739936481,1.572932478322076,1.5951260604447342,1.5768682791588013,1.970785303198228,1.62007594108199
2016-01-29,1.564313562540861,1.5396553831042465,1.6655588801319858,1.6631527032200843,1.618788370078283,1.6294633803978116,1.6766415825822834,1.6602838077517927,1.6069374954231166,1.6010878818958896,1.4898058654320683,1.5150955416399061,1.570439726048671,1.5524645040571612,1.9558474583556869,1.5997150789201364
2016-02-29,1.5873741645503379,1.562300402907357,1.6801724838640215,1.6777451951701714,1.6345965177081538,1.6453757739823733,1.6672903577343472,1.651023816016551,1.6250808243860229,1.6191651650649597,1.476862180706932,1.5019321359408966,1.5838660974763927,1.5657371975035184,1.9790204674253868,1.618987191468438
2016-03-31,1.6551672769608758,1.6276694307114485,1.7430841228089495,1.741650264735693,1.6863290118437624,1.6976873315537786,1.7856924851537392,1.7681491679565506,1.6904876919440848,1.683639346254201,1.5674496245029903,1.5930081176542168,1.6449845837629695,1.6261561228069108,2.0581546458252014,1.7033363583169367
2016-04-29,1.6673745045787935,1.6393159332286602,1.7343501223835067,1.7329234488843381,1.682679624020031,1.694013363168747,1.799360217584751,1.781846247809451,1.7019337340109544,1.6950390191855669,1.5713041882435177,1.5968714755772455,1.6522720028061928,1.6333601301961405,2.056958413366945,1.7147223835212388
2016-05-31,1.662681280927874,1.6336076312671752,1.7520900990080477,1.7502584326302835,1.6920330025824444,1.704324663020675,1.820675703709792,1.8037164683793545,1.711607999122599,1.7016250203199457,1.585096128026902,1.6107836447670258,1.6596282400755706,1.6382729346560063,2.084580075528733,1.7098444617224635
2016-06-30,1.7261483122712955,1.6939002404655783,1.8241351744980954,1.8222281909077442,1.7504431687979702,1.7631591459771665,1.835421180249923,1.8163914676519626,1.7532437029327117,1.739784273814886,1.6106265373155724,1.6321969073792215,1.7005591016972528,1.6783227682433957,2.1467471153510904,1.7728395248888296
2016-07-29,1.7659759124527354,1.734644337382621,1.8505166961593933,1.8485821328536791,1.772940204826041,1.7852779130145835,1.9051427989030882,1.885966164027264,1.786616817186809,1.77290118691167,1.6464585430882066,1.6683171536513088,1.7271908193445369,1.7046062523282808,2.211777848307649,1.8224000562764922
2016-08-31,1.7552530892939662,1.723964435061129,1.8415056895614565,1.8395805465234698,1.7648188587550102,1.7771000513331279,1.9163171920505235,1.8977355590307166,1.7823679696401031,1.7693598234331187,1.6436470083011907,1.6672416127512604,1.721844923547408,1.6994721818287142,2.204400996269837,1.8112316944227351
2016-09-30,1.7543107204724788,1.7239983678818789,1.828883078262031,1.8269207593823513,1.7546866600768982,1.7668973437285114,1.9249860744900562,1.905897625284853,1.7843323277819731,1.7716986451395296,1.6416502955597612,1.6643874418059532,1.7211619884680212,1.6988900680734904,2.1911772474473747,1.8124260651897526
2016-10-31,1.711503337787571,1.6812732891110715,1.7888916234869665,1.7840736423491745,1.7190302036097105,1.730992757655073,1.8782475174234001,1.859622534725469,1.7493477668432502,1.7395173408005653,1.6138958528629008,1.6375178539958732,1.6919765525645225,1.6716867254190413,2.1299885661153026,1.7648775663197596
2016-11-30,1.6656941447386837,1.6404949717692228,1.7347411280639757,1.7300689892243557,1.6726732953253838,1.6843132564229535,1.937950432519596,1.9178593236134205,1.7287867942796196,1.7190719102257739,1.603247394681325,1.6291616355253602,1.6562994631635903,1.6396599732040567,2.1070873230372724,1.7272941977678313
2016-12-30,1.6847365213830674,1.6592432834702104,1.7562981688981107,1.7515679709705272,1.6899550987664371,1.7017153221533086,1.9844944510251294,1.9638600425594892,1.7502066146221325,1.7404865826697906,1.637645370175126,1.6641156059482347,1.6779753948557141,1.6611181444876455,2.1288172016570646,1.7506506059352807
2017-01-31,1.7127566557566825,1.6884241098935246,1.774879697405823,1.7700994542699742,1.7030296366281936,1.7154493875746744,2.020867306122857,2.0003245399298404,1.7657738604448217,1.7559673734845156,1.6837826816029495,1.7091646342159534,1.6954170748790702,1.6780471787537625,2.1586075402574267,1.7858800420652878
2017-02-28,1.7505667613565359,1.7270641223850833,1.8350855118612301,1.8301431177741312,1.7453403909418523,1.7580687031838216,2.0772142044601996,2.057372099831561,1.8009874090634537,1.7898527193361224,1.7341074817230306,1.76052045791045,1.7328024684590522,1.7132738980949804,2.223178741997622,1.8285374982956584
2017-03-31,1.7544253498463633,1.730746071970212,1.831474802102698,1.8266341921379625,1.7431627886165635,1.7561631402187359,2.092816841393968,2.073283757040909,1.8064211309922316,1.793288306485416,1.7561633927195897,1.7832725086207912,1.7413888457360611,1.7217635074622715,2.2190199780790207,1.8338842902159453
2017-04-28,1.7775529416534814,1.7533937110511058,1.8521593843857078,1.8472641048208225,1.7626848968987736,1.7757774737931868,2.1202727062379,2.101323387696092,1.829476380410126,1.8161759424164157,1.7813213186010792,1.8088187862532525,1.7641767426376518,1.7442945862578216,2.2461999895680043,1.8581026568737369
2017-05-31,1.7987854581326435,1.7736369729267025,1.87873247376502,1.8737669612047936,1.7828151377830908,1.796057234723398,2.1386626825817836,2.1245187380468313,1.848966751979673,1.836605672717955,1.8149377723432871,1.8429541622919066,1.7896909713763363,1.7713855055853287,2.2821818294389447,1.879793520928431
2017-06-30,1.8033357358257744,1.7787541164876906,1.8736399370978616,1.871786356143887,1.7821753250020014,1.7972881047704372,2.1640755874529414,2.144966804582757,1.8567408399954826,1.8436891728628135,1.8156084241218202,1.8464269079545585,1.7915415006288875,1.7720642661275368,2.2981402344488986,1.8869759325319833
2017-07-31,1.82743530274272,1.8048551878821049,1.8911513987059552,1.8892804937661547,1.7975251170634439,1.8135565441371866,2.2039102729335376,2.1851835341695383,1.8770641993503003,1.864781552593882,1.8512704566914366,1.8827650340700084,1.8126143429923065,1.7939631113386152,2.3204307060297076,1.9173718189910711
2017-08-31,1.8452646702924496,1.8230896067753966,1.8931853741097788,1.8913124569700916,1.8042467672632991,1.8203381421196743,2.197762141258193,2.179805130026479,1.8832660083026622,1.8719509275938069,1.8468617512593,1.8782813259207538,1.8184699008039484,1.7997584173015235,2.356130974097994,1.9360068429679147
2017-09-29,1.848666117329638,1.8265739342217386,1.9024671209570865,1.900585021439913,1.8107917643184057,1.8290085214726983,2.26658413673,2.248064809257381,1.9018657521350975,1.8904389200317497,1.8799199503585209,1.9119019247524196,1.8320620154135077,1.8160577252006305,2.362724123696839,1.9410855581113593
2017-10-31,1.8553702914523431,1.8356622142786094,1.9092987604439733,1.9074099024260938,1.8146809422159476,1.832936824912274,2.2989481819257827,2.280759909633448,1.912390362749349,1.9009002964464752,1.9043371087480896,1.9367344779220894,1.8406359866982367,1.8245567970968217,2.3957643731603873,1.949901919345489
2017-11-30,1.8808954304676404,1.8612557274442116,1.9492733905691308,1.9473449858851202,1.8419733945114038,1.8605038421717468,2.359827816348168,2.3408626965440704,1.9447621443916256,1.9324533010031428,1.9563620529548287,1.9896444919602043,1.8724146892217033,1.8560578913442063,2.446823787123284,1.9796081509357697
2017-12-29,1.9033856400407345,1.885525831682485,1.9689747193941176,1.9667850036697463,1.8575272143448502,1.8762433073711395,2.3826138935729118,2.362050320959193,1.9593155042572872,1.9479661305428178,1.9783482201588372,2.0140446194785713,1.888019682868021,1.872163260329705,2.4823688894794786,2.0060436116755294
2018-01-31,1.9246361101477247,1.914932634721153,2.0191917755650475,2.016946212969487,1.8806101800598372,1.8965652789916445,2.4877142953739297,2.4652251610404554,1.9910493781952503,1.980767758550127,2.06878928704103,2.103869088813801,1.9209927653028882,1.9039500615825131,2.533985419142825,2.037130340427984
2018-02-28,1.8536346803854498,1.8410555614311916,1.9229760650100947,1.9208375048317101,1.8195641807941918,1.8350013653979786,2.379062873010523,2.359028917441151,1.9220879327914568,1.9121624245314077,1.9726956063565118,2.0060603396056034,1.8540737636211615,1.8400317477558403,2.4478756697134094,1.9519676064315523
2018-03-30,1.8668037587108313,1.8489036153144665,1.9095430191124037,1.90741939795357,1.8177481002431775,1.8331698772174796,2.3617830919335736,2.3385729089067877,1.9252886435059737,1.915346607031948,1.9498869804640264,1.9828659452670239,1.8542755962811728,1.840232051815712,2.4356173667854013,1.9643944881816138
2018-04-30,1.8496205198372402,1.8313218554019526,1.9036448736175509,1.9015278118430545,1.8081697937768457,1.8234908082978272,2.3710368426641524,2.346417910833636,1.9194756841694303,1.9074981112336857,1.949741313771527,1.9788546467011248,1.8480315523811004,1.8313019877043695,2.4228273462698926,1.9467099107983499
2018-05-31,1.8703963054339956,1.847830112927384,1.9599851600360383,1.957805441687097,1.842262145721145,1.8562112409379248,2.4244762557616673,2.403188281279327,1.9524332281062975,1.9421095638603671,1.9882472024952902,2.017935501319208,1.879007887400748,1.8606062184631402,2.4775902285053757,1.9632739043034542
2018-06-29,1.871116878505308,1.8462533002149342,1.9615683634007561,1.9593868843561246,1.8426442739124582,1.8554873479564746,2.424156489478514,2.4094948622832746,1.954404846834768,1.944070757479553,1.987422336644133,2.017098318657622,1.8803388354722625,1.8618827312083397,2.492539725408577,1.9643967038658796
2018-07-31,1.8898593160658135,1.8711213985610669,1.989756333234589,1.9875435060775741,1.8627035958026543,1.8756864816160697,2.4947175131924335,2.4788267232238104,1.9833785001408069,1.9721051959055929,2.04680530984471,2.0773679921896355,1.9088243247969878,1.8875344384031383,2.533617327525848,1.9907872181921702
2018-08-31,1.9019488998846765,1.8833357736189456,2.0356672281060013,2.033403343001198,1.8937730563256503,1.906972493639349,2.544311242772031,2.5281045518902414,2.0129755385838846,1.999520461547089,2.0913850798298594,2.122613422627449,1.9381240491293465,1.9147224927420827,2.5954376729232953,2.0000932278069548
2018-09-28,1.8862496704276241,1.8695551857181687,2.0175583914959616,2.0153146454025355,1.8787148570370225,1.891809339980976,2.5341577645720585,2.5171569320866376,2.0038734606520796,1.9904792234801605,2.084616950718981,2.115744232522107,1.9290099664600207,1.9057184565476457,2.574959996599961,1.984307911820014
2018-10-31,1.8148284359377154,1.7948240910284416,1.885952836116949,1.8838554498275313,1.7809222987177258,1.7933351758383362,2.328914202738998,2.308336835421724,1.8616047434138654,1.8491614549811013,1.9234213215443468,1.9532865331042883,1.8012288461141697,1.7794802080805812,2.4380111478925484,1.9071616876637647
2018-11-30,1.8433170414010727,1.825097019410787,1.9202940822602703,1.918158504740699,1.805795872419783,1.8183821162359177,2.3758860460991658,2.354893654100753,1.8836462982861881,1.8710556802842697,1.9642381896463255,1.994737169994949,1.8228204533636998,1.8008111110605531,2.4825742199120366,1.9434424556489098
2018-12-31,1.7997324839988365,1.7719450901936926,1.7841432887811617,1.7821591258686091,1.7294213465638897,1.741475266423344,2.1604538131221886,2.1426383765176276,1.8017150992853737,1.7942338607252957,1.8099318516717977,1.8380348975587253,1.740342272774197,1.7275539266638336,2.4095494236964834,1.8831514527381643
2019-01-31,1.8904652310613161,1.8689410928823897,1.9057855260426886,1.90366608362804,1.8034551461862507,1.8160250753393985,2.3629008386837427,2.343523704682305,1.8853097452148695,1.8774813976758014,1.9590785348916968,1.9914265968796603,1.8205270543054843,1.8071494960872223,2.528951154973548,1.99724553293943
2019-02-28,1.902831222502967,1.886145758129002,1.944099210641046,1.9419371592092285,1.8254637642069333,1.8346843374739665,2.443373778661002,2.423336720672954,1.9178061833742186,1.9031770243260115,2.0151058529828143,2.0483790311038743,1.850086000539889,1.8312049251828193,2.5642146504998067,2.0155917348032344
2019-03-29,1.9413146794004708,1.9222180037341474,1.953482829761734,1.9513103427168341,1.8531150706771216,1.8635542884965375,2.451496728168174,2.4307177429520106,1.9463570230596852,1.9315100762191875,2.033776355868625,2.067137187280781,1.8804462438481513,1.8641587997684073,2.6492107278348365,2.0546219761165636
2019-04-30,1.9609567770644967,1.9470326945830578,2.0121490228612666,2.0099112925787295,1.8818630921577406,1.8924642572101493,2.5372086553303856,2.5155920640887866,1.9836427682120552,1.9699667953980187,2.101488888024864,2.1359604346654844,1.915216917743226,1.8986283082307909,2.693047168172879,2.0807524785921636
2019-05-31,1.9452446972016468,1.915892752784946,1.8898883093142655,1.8945292997773266,1.8497800235200608,1.8602004539019013,2.368387650049635,2.347289205820191,1.9278896110168418,1.914598021255196,1.9759652030008081,2.007098503140193,1.870602643494173,1.8552550539649642,2.663677187260722,2.0458011175992907
2019-06-28,2.030701477601884,2.0023043047587676,1.9839434777116725,1.9888154390407804,1.9289212083988925,1.9397874675803093,2.526794855992842,2.5041973981015477,2.0178068473709985,2.003895334657701,2.094347433557272,2.127345963666034,1.9583875320306285,1.942319700583228,2.785014231531189,2.140427195632897
2019-07-31,2.035738398618461,2.007270789860326,1.991926297028375,1.996817861731997,1.9399340932014437,1.9508623916512757,2.5427643602696355,2.519134655883878,2.027907598395301,2.013926447338536,2.102797469918098,2.1333383074434136,1.9682981109553999,1.9521489669439105,2.8131363475440945,2.1451201691195383
2019-08-30,2.0996783889906205,2.0708200422789442,2.0049525545547913,2.0098761077821004,1.9824610044562403,1.9930838949174707,2.476163313532519,2.4486772318916556,2.0606926529108596,2.045435708521383,2.098849649679982,2.1293331494263645,2.0138186440373613,1.9947004720152761,2.90920662296956,2.188889383466627
2019-09-30,2.099301321067235,2.0662759365419587,2.0022153615809515,2.007132193095435,1.976593049407306,1.9911444594837389,2.5266207720230374,2.499167110547961,2.0645989846081587,2.04931311854257,2.1166712287873186,2.147413567513559,2.017103681314318,1.9979543228157615,2.9119852001462894,2.198740493393227
2019-10-31,2.1260254796911395,2.0902412142070044,2.019428661444155,2.024387763583897,1.9952806084745298,2.0099695938274698,2.5877060886804006,2.5607064404516304,2.0919280117101406,2.0758134205544385,2.1581585025681864,2.1895033986524397,2.0426627887908806,2.0232707850993648,2.9376401007804978,2.2323491688147783
2019-11-29,2.1325593269298024,2.0949447333595494,2.0427836718921757,2.047800126829022,2.016351412330536,2.0311955180850383,2.6627915470148853,2.639936648811578,2.118472132183885,2.0976910173342866,2.1839860294519675,2.215706042167053,2.059476044463877,2.0399244242571606,2.996658132230752,2.2434214164146855
2019-12-31,2.16137540077844,2.122521843327861,2.0600964958073167,2.065155465770201,2.0320979560250745,2.0470579856996034,2.7498789827440606,2.7262766079008305,2.1455093164732992,2.1244629808434072,2.230514219243846,2.2629100031185936,2.0857414902681675,2.065940519250935,3.0105723284697565,2.2875206400479127
2020-01-31,2.200823309426799,2.1586920981642663,2.1195416798648457,2.124746629106466,2.0854055447199378,2.1007580176358904,2.7015889255117034,2.6762653570412414,2.173336338548435,2.150866649083842,2.276037247074916,2.3090942032292285,2.130280791150912,2.107558126896915,3.1024626351241857,2.3047505370624846
2020-02-28,2.160343783724965,2.118579883082841,2.0939807552617764,2.099122934652541,2.0663217346788,2.074715938053758,2.497038359392117,2.4665908662012903,2.1127309175697673,2.094494365065629,2.223286226157821,2.2456163339228206,2.093849138739289,2.064268008204144,3.0373306335885264,2.227539013028801
2020-03-31,2.0417428793536923,2.004225808441764,2.03809317882334,2.043098115336853,2.010452162051158,2.0186194014701955,2.1623475438652844,2.1359810838265743,2.016779245072143,1.9993709228451362,2.166988505347525,2.1887531734683496,2.029891217949372,2.001213661396057,2.887237875142426,2.037753203474489
2020-04-30,2.1475891933617928,2.1134890748957567,2.130451129329242,2.135682868858242,2.103519141106507,2.1120644548285785,2.2877745686304,2.259878721400613,2.110109873305503,2.0918959449845693,2.2672277267362717,2.289999171487813,2.12166446595835,2.0916903707104555,3.121294147337412,2.17884462608996
2020-05-29,2.1849706328545615,2.150276959755696,2.1534211475825695,2.159399038155406,2.1306531870006675,2.142029965221225,2.3531812035712982,2.317925708530372,2.1502122372265693,2.132973741506491,2.2918476101112177,2.3143690833553157,2.1484193904230775,2.119849072241462,3.1885251980551086,2.237175597631269
2020-06-30,2.2199983732039272,2.186397056815059,2.1769276331967724,2.181668532640801,2.154393395154651,2.1657183747958935,2.3932211231412697,2.3540813525901445,2.1781116015103295,2.160649433418068,2.3113065123998418,2.3318154488241847,2.1673293299435676,2.1388571933216403,3.2267469628533085,2.288103880613178
2020-07-31,2.317057792525075,2.2841813416883343,2.288655927724697,2.2936401483528255,2.2609489345791496,2.2728340437294032,2.4909576547957895,2.4498298393362092,2.2560171110814364,2.2379303656706844,2.4271406467392382,2.4499205065764165,2.271412664494075,2.238843498043353,3.3980090900316084,2.3996362321051663
2020-08-31,2.323931021419082,2.29340212738973,2.2840804160436714,2.2914885768446527,2.2617940858635834,2.2736836377127014,2.5586785388509443,2.494611791747789,2.276174579433861,2.2579262293099065,2.438164067781929,2.461047387625274,2.281510130563652,2.251839574314619,3.4717179605490784,2.4403890949947025
2020-09-30,2.297639119642202,2.2637730121675026,2.247777330070113,2.2549290650591542,2.2289886780000945,2.239604122359645,2.509137793968898,2.446311497483305,2.2503896372130034,2.2340193179653762,2.404119450807222,2.4274919687199645,2.2535594937428156,2.224252429608448,3.4044623958934106,2.396677430828427
2020-10-30,2.2591445375885475,2.227539884547204,2.201851764688204,2.208857378676539,2.1857934366561915,2.196203165892283,2.4708901786719673,2.410419333355977,2.205818335380905,2.1928631958684552,2.349599836443852,2.372798424568043,2.2041753938064366,2.176472691073561,3.3074319853057164,2.362878125745259
2020-11-30,2.361788157831371,2.333843370888271,2.239607720297671,2.2599868745373954,2.2301315578232654,2.2474756319105005,2.655577582409537,2.606538963409537,2.302572744692564,2.2890493503737357,2.4374987030439965,2.4615651536744796,2.2851196530447146,2.249018130118284,3.54530799409875,2.528022783070735
2020-12-31,2.41377818598992,2.385218250624114,2.274305385863168,2.295000269090567,2.2571762554204384,2.274730660255717,2.7419452220410157,2.6974596121627856,2.341777811887356,2.3280241596606315,2.4686271327930207,2.4878669290230597,2.3116589486266705,2.2751381439411307,3.6067073250074193,2.615441051235276
2021-01-29,2.376877144154885,2.3498798271296937,2.227810881473212,2.2459401766010374,2.2123243550540153,2.229529939802793,2.716841499842998,2.681667099880221,2.302857719859388,2.2937866825566924,2.41877122566743,2.4376224587640505,2.2659231676742126,2.2301249209266842,3.5322447597917246,2.593190513270324
2021-02-26,2.335660000074915,2.3107746552424135,2.176813620258998,2.194527914092525,2.1657098180231005,2.18255287439055,2.7240635005888554,2.688795598836305,2.2663137534149818,2.2606390383324086,2.3816661425025627,2.4002281888565977,2.2247757154738337,2.1896275378318757,3.510173280754509,2.5869274506467304
2021-03-31,2.3298310973964753,2.305438027755779,2.155894875970218,2.166650108827521,2.151432497468105,2.162601716628058,2.7720021994595783,2.728708657189225,2.268891900155324,2.2559549973160467,2.3544284471657897,2.369297905393967,2.206859338930725,2.1699363947852524,3.53214234212614,2.61569489734129
2021-04-30,2.3865455186104674,2.3618742567461783,2.2119893683328344,2.2230244429088115,2.1963522008649616,2.207754621862495,2.841756861777322,2.79667999422217,2.3113350002456214,2.2981560928128117,2.4193754688233318,2.434655101770024,2.254546176628511,2.220147817199995,3.679527508452963,2.6916887826572884
2021-05-31,2.423246505391716,2.400589144735911,2.2394481244370605,2.2506201840391467,2.225107819789425,2.236561474240845,2.8781167969676864,2.8331317836011807,2.3401702964985183,2.3275668090878554,2.4493662500893105,2.462548704305346,2.2853093116492476,2.250441588857692,3.694054714993702,2.738421998817099
2021-06-30,2.4428655092506597,2.4144619103244818,2.241498444160164,2.252680732306462,2.230843500239266,2.242326678878832,2.906251853860729,2.854825133998143,2.3560900347497302,2.3425652551010043,2.485759931301822,2.4991382557909616,2.3058460693392098,2.270665010418264,3.8090615758559307,2.7564479341286976
2021-07-30,2.481227957396504,2.4498750963833755,2.2940597196514325,2.305504223160588,2.278661775711032,2.2914317820289867,2.926464872548825,2.874680479194085,2.3894233993505845,2.379312423212921,2.5443016975501904,2.5571647948673975,2.354043449313907,2.3158641272549016,3.9214819596635326,2.782435120984906
2021-08-31,2.4935304802108216,2.4635717005894877,2.306129151295569,2.317901950405815,2.2876634307849875,2.300483883901757,2.964887603825027,2.9120494564258217,2.399444237386935,2.389562955667712,2.568816046673115,2.5815741469430398,2.3658491382580444,2.3269466369645673,3.9861679786145148,2.810937650272826
2021-09-30,2.420682722331813,2.390232064484214,2.2375959666581045,2.2498178685616534,2.223037219697914,2.2368187640650157,2.868246666966202,2.8174149483975706,2.335406184815037,2.3257886216804566,2.483302498175759,2.4964222701303096,2.2972848608317964,2.2626137908682313,3.8283506457584457,2.7161212390268856
2021-10-29,2.4715602602864717,2.443216462570872,2.2883600459066162,2.3023304946855125,2.2634180332904825,2.2807103785091165,2.961223322511624,2.9103089700007265,2.3684597514667973,2.362466186708755,2.56460874619417,2.578178969184817,2.338183961500692,2.309057646487075,4.027265156275214,2.798108430883285
2021-11-30,2.4607593664280842,2.4296532647471114,2.3001414933313145,2.3141838679018196,2.2722802004332388,2.289640251948882,2.91188361044592,2.868483534839784,2.354896375162493,2.348937133543853,2.5612756721275427,2.5748282586820688,2.336299684083,2.3077156594707073,4.052495726600634,2.758495094445444
2021-12-31,2.5094109988017332,2.4846215100685356,2.3271917677453606,2.3403775806839477,2.293361660888149,2.312627420744872,3.0231836469246667,2.9781247035049905,2.401802010245111,2.395724070404468,2.623274672485225,2.636567251605078,2.3785549902226037,2.35748100611396,4.132303848630653,2.8514059936147493
2022-01-31,2.4239186503455734,2.398021129254348,2.2434651141145885,2.2561765338346835,2.214550231247273,2.2331539227947004,2.882141778081789,2.8448413002482034,2.3205791504337205,2.3147067511220274,2.5128486719714984,2.5282113382455953,2.2958827888901965,2.2755412800298727,3.936843418033447,2.7383134454261566
2022-02-28,2.3999514019996018,2.377904630331929,2.218720799073809,2.231292018096246,2.1945190425841288,2.2129544588538232,2.8362068231141464,2.799758689210204,2.2900036372580828,2.2842086115720615,2.4697136539351296,2.4848126079951918,2.269251486134837,2.2491459304701995,3.8414063279004385,2.704069676513283
2022-03-31,2.3648153699802608,2.350971267932999,2.2123702037070525,2.2249054404079143,2.172492819014737,2.191216759296154,2.849427721522681,2.8170130860141125,2.247191717127499,2.2471397293848656,2.4915230771728876,2.4991988788176216,2.2368921176489294,2.2222302036492843,3.84438987409118,2.7012930327862716
2022-04-29,2.2360222073992087,2.228306904499176,2.1044055504403656,2.116329061996061,2.077662128176342,2.095568756576881,2.6667495429700674,2.6497813789904745,2.133374283727627,2.127569015924333,2.3668191290181655,2.371129094315424,2.135025746841794,2.111527899219124,3.497022261174268,2.5506851826530075
2022-05-31,2.217808671510735,2.20759842877672,2.0437802646773227,2.055360274812766,2.0439535419682207,2.0615696480942516,2.6595376073326005,2.6426153319167947,2.129136190949918,2.1233424557050395,2.33532778638064,2.3395804061070993,2.126062294623186,2.102663097723917,3.4702398721062147,2.528313147088549
2022-06-30,2.13856780709825,2.128620243649103,1.9612798653460295,1.9723924301905356,1.9874364654034289,2.010984237736844,2.471538600591448,2.4558125372394235,2.0647170119147042,2.061552660670183,2.179546953247485,2.1835158968887924,2.0603000773174136,2.042758189569016,3.2808523757765826,2.407814494791277
2022-07-29,2.2121185839764284,2.2028651594289737,2.008658975753443,2.0200399895052064,2.0451108654511176,2.069341982216131,2.6770655863784296,2.63924759488022,2.1261947683212377,2.1229361972810383,2.3356390653878187,2.3398922519517273,2.1211505619623683,2.1030905786303085,3.4940310995247055,2.512932019758865
2022-08-31,2.1305162455763003,2.11963785444925,1.9500320384376666,1.9610808733637215,1.9800544240969122,2.0038697679314925,2.5787048978665292,2.5422764142312677,2.0528425919191444,2.0513205622926107,2.239963627735553,2.2440425898261904,2.0484789093211275,2.0310376698250545,3.3448584052470576,2.419524875805415
2022-09-30,1.9759352662359952,1.9665848801152184,1.8032219438438304,1.81825056416259,1.856883085365516,1.8792169710407876,2.3229194484559197,2.2919103236778566,1.9134696672063602,1.912050972205377,2.018652392499993,2.0223283479848173,1.9076714729849567,1.895387741613198,3.0491465257844332,2.2198930291593495
2022-10-31,1.993600148875136,1.9886818368931347,1.9203719483924342,1.9275379156730417,1.891942754318103,1.91469832439794,2.519054911224509,2.485427534211123,1.9286514977890594,1.9272215465933622,2.169342860217847,2.1732932222589345,1.922451963663852,1.9100730588937311,3.125093453145098,2.2770938771278755
2022-11-30,2.133233222844937,2.121215520012329,2.03204822470241,2.039630917785916,1.9967661250194477,2.023022330197604,2.630165476106003,2.5940640129538663,2.040831004390527,2.043546054063989,2.3204842239642502,2.3247098136409186,2.0407751409411796,2.025476692888742,3.3187212008805482,2.447163014980937
2022-12-30,2.089152964027595,2.0762774363557917,1.9749472031359225,1.982316820803191,1.9744952207295445,2.0004585776741437,2.4751906230749814,2.4414082931082053,2.006658490964461,2.009328078729897,2.204090904980079,2.2081045430295596,2.006957672754153,1.9919127336601234,3.16918981043081,2.3805566306177774
2023-01-31,2.2097950776089434,2.1935368738671936,2.0372672140066146,2.0448693820187263,2.0268131260897406,2.053464430230767,2.6861636033592977,2.6487118364623172,2.0797752062206603,2.0852962391141103,2.4038757792390166,2.4082532245031745,2.079086608312524,2.0655687954113717,3.3856676370006853,2.536959793368291
2023-02-28,2.1205374920719358,2.1061365183048024,1.9731601864004726,1.9805231357223367,1.9561452998737763,1.9809909815969566,2.6091263259544655,2.573676587544292,2.0070510488475457,2.0132964230275894,2.3208320287221826,2.325058251749502,2.00810919215875,1.994120398862233,3.2689030696249004,2.4336513099195045
2023-03-31,2.1958823979838433,2.1805722698130956,2.0432032091490355,2.0508275276341346,2.041752415921791,2.0676854233966453,2.5859856978725873,2.5514775244708052,2.085315789070722,2.0880311415697212,2.301429216683742,2.304343242733257,2.0813547378783337,2.067892410597697,3.4049028172130504,2.5008096766938483
2023-04-28,2.2160946298724475,2.2021475024106736,2.080114072051753,2.087876125331448,2.072752530665342,2.09907928137816,2.5895510839608993,2.5528571338339368,2.110291715683623,2.113039590088944,2.316442638421291,2.319375674180824,2.1046955343151135,2.091082237363183,3.4421474358376956,2.522042697576553
2023-05-31,2.1629501498378207,2.1493374904203897,2.016033797113793,2.0235567315322056,2.0060778709485634,2.031557763621526,2.5623154090638742,2.526007388568706,2.057773950276168,2.0572798990081447,2.2737693138081254,2.276648317412926,2.0497146911935094,2.034112720512832,3.4101645304095047,2.46037951359533
2023-06-30,2.206491502395811,2.1923979388669617,2.1179418141760107,2.1258450236325537,2.0329877084115218,2.0588093922882718,2.738908552280322,2.6970704931762493,2.07654845609988,2.080239621292932,2.413172508234679,2.416228021521811,2.075957584234285,2.069570291460797,3.545712818921296,2.5326765326320766
2023-07-31,2.242503104186746,2.229428740410999,2.189595737297323,2.1977663270751853,2.0705014838751734,2.096499956127155,2.853140914356114,2.8095579045810357,2.0981322533116566,2.1028496454005015,2.51242727287029,2.516497783781916,2.1017944270371665,2.0953276396340303,3.5792653694683523,2.5869727279146075
2023-08-31,2.182418340722973,2.167818058560103,2.117456560395495,2.1262842228862087,2.0189429488908206,2.0455880498202705,2.7568919870928554,2.714411716617593,2.0569224406178837,2.0615471775158665,2.40859941567002,2.414219055138378,2.0544891243837617,2.0470846027579532,3.4993779812307415,2.5068417531424467
2023-09-29,2.0798232212531658,2.065876954092799,2.008585802499141,2.0169595835153564,1.9319111907598898,1.9574076856919587,2.599981592621468,2.561767795247321,1.976570967836414,1.97904391404325,2.2939852408141768,2.2993374674713953,1.9711519300214502,1.9640477614374592,3.2884868447589968,2.3844578949529254
2023-10-31,2.04632814754144,2.0288548715853825,1.929697482186085,1.937742378313133,1.9340110221131035,1.9530165859399689,2.485984119623952,2.450760006864502,1.9545101106519556,1.9519445880515616,2.1975796118555007,2.2031290335501676,1.9459147525430553,1.9378274174485948,3.173791554597458,2.3302991235644233
2023-11-30,2.1841297218889277,2.1663954955754305,2.0637723762102236,2.07237622968972,2.0349358470293546,2.054933201068235,2.728841256234496,2.687755937661641,2.0558248526116425,2.0531263425895747,2.346242606464907,2.352167438289441,2.0417929865944835,2.0333071759727543,3.4737206148699555,2.5053993165979858
2023-12-29,2.2945087817194336,2.277260131525695,2.126147781182368,2.135011677315449,2.092991061101076,2.1135589248546927,2.9649141121171607,2.9202744906077815,2.135843529239831,2.1355347150739363,2.443333732734095,2.4500354789039385,2.1127340578853926,2.103953412037845,3.689564444388525,2.6466549171476426
2024-01-31,2.2669293163969746,2.248746319477382,2.1286890831324645,2.1375635739366814,2.0978695061745674,2.118485310502545,2.8832938304493547,2.8398830804496926,2.1301135365527353,2.1298055508664966,2.458782296546597,2.465155604724953,2.114103459691662,2.1053171225304164,3.691686946035256,2.606564925596181
2024-02-29,2.2910888584969524,2.271734416248806,2.1929333113589076,2.2020756359285802,2.1249507426388314,2.145832674802818,3.0110115104000674,2.965677848411233,2.1219098094099684,2.1228072431551426,2.532399482595369,2.5417022157492144,2.1117214701129594,2.105273902577465,3.774023500703852,2.6489591724442847
2024-03-29,2.363557548121783,2.3398255331553597,2.288764090157372,2.297710796902179,2.233613253614974,2.2555630143819685,3.101432354428964,3.053897599382991,2.1831579453540333,2.1859662185087627,2.6181006880058892,2.626428968038259,2.178993929751173,2.1689249550688534,3.859892761444948,2.7280532868159217
2024-04-30,2.2990675972855024,2.271605786332902,2.2740648074265586,2.282954055138118,2.2258829270055203,2.2502450484573275,2.915498878177324,2.8703639192289105,2.1451496863186,2.1479090681076203,2.5653805149248523,2.5735410900378564,2.1501612615576877,2.135271951021974,3.666846022028519,2.637343724038191
2024-05-31,2.365673619389115,2.33872868781221,2.345883687211352,2.353964059651769,2.276424524336994,2.3013398197754555,3.058296768408997,3.010951149404505,2.187955521184202,2.1912720093287543,2.650620246567555,2.6590519725794746,2.1928444115452352,2.177659531237073,3.820471050217805,2.723386418126819
2024-06-28,2.3836510756355223,2.3570754052291436,2.3766219913242637,2.384266192820969,2.2907931549444,2.3136083044989295,3.101312849696141,3.0533012969546998,2.19893522631986,2.202459996424546,2.6396482180527423,2.648045041615565,2.202057860988148,2.1866776258406246,3.9291123187836283,2.7460753703374348
2024-07-31,2.4715970946458166,2.4455490853894144,2.447039504670661,2.4551402749213342,2.3661588715016815,2.39054982287546,3.291521443304404,3.2386910894261747,2.266164651307028,2.2697971864174833,2.6971540289399063,2.705733780721934,2.268592757639287,2.2531909989180607,4.014709188373485,2.8534843413836666
2024-08-30,2.5302491326280907,2.5009133087576187,2.5196847268819185,2.5272597690813474,2.4354972465481084,2.463302576377575,3.339392193591823,3.2858865009447573,2.328885136936055,2.3312616179760814,2.809511992800404,2.818449159631893,2.3385501032918334,2.3207663714309525,4.104896762816993,2.9205768958600573
2024-09-30,2.5930317457118104,2.5616085349059956,2.5978302869342738,2.60636025935559,2.5051344642968214,2.5340243183114843,3.4027373384363995,3.3470944211764446,2.379693836723226,2.3819271294404185,2.8473414649051336,2.8517791208446455,2.386298915994575,2.371197844057263,4.189459116727286,2.991159592646298
2024-10-31,2.537395237100299,2.506040991972603,2.612808474700794,2.6264384249046246,2.5079435520506927,2.5368658011867673,3.336175060051382,3.2816205956987305,2.333313309018785,2.3405526032436166,2.749073238091022,2.75335774043594,2.3368729040322673,2.3220846117543745,4.0756163886391334,2.915764754046331
2024-11-29,2.582874215604113,2.5553714008424526,2.6627007896726878,2.669910300991684,2.5325440062222726,2.5617499541137794,3.5759853524745187,3.5175094146338437,2.354542820263346,2.3613534159312364,2.8209370646297325,2.825333568622716,2.3610554633354686,2.3523418096385016,4.253839124835093,2.9852930800748765
2024-12-31,2.487687406572044,2.456843359767582,2.592030563965019,2.5999738253954745,2.4522219469863464,2.4805016002623126,3.3899938535074936,3.33455932279254,2.2883312414712966,2.2933582539900352,2.7183862062249102,2.722489953047113,2.28982658678735,2.281375808644601,4.101523259624462,2.861283109494867
